pull_number|participant_login
1|tteats
1|cvvmasters
1|Humbedooh
1|gkesavan
1|phunt
1|breed
1|fpj
1|henryr
1|ewhauser
1|arewaldET
2|ewhauser
2|cvvmasters
2|phunt
2|gkesavan
2|fpj
2|breed
2|henryr
3|kumagi
4|junjihashimoto
5|nileader
6|nileader
6|anmolnar
7|maplebed
7|anmolnar
8|mnikhil-git
8|anmolnar
9|maplebed
9|anmolnar
10|gaul
11|ralph-tice
11|rgs1
11|anmolnar
12|kouchengkun
12|anmolnar
13|sslavic
13|anmolnar
13|phunt
13|skamille
13|breed
13|henryr
13|fpj
13|rakeshadr
14|sslavic
14|anmolnar
15|mordyovits
15|rgs1
15|cpoerschke
15|anmolnar
16|brianv0
16|anmolnar
17|jbgeorg
17|soleger
17|greenciu
17|anmolnar
18|xiaolige945
19|tillt
20|marvingreenberg
21|marvingreenberg
21|anmolnar
22|yuchao86
22|skamille
22|phunt
22|breed
22|henryr
22|fpj
22|rakeshadr
23|yuchao86
23|melodious
23|Humbedooh
23|rakeshadr
23|fpj
23|skamille
23|rgs1
23|cnauroth
23|phunt
23|eribeiro
23|arshadmohammad
23|afine
23|hanm
23|ronin13
23|tedyu
23|Randgalt
23|eolivelli
23|joshelser
24|wangjinjing
24|anmolnar
24|Buttcher
25|youngwan657
25|anmolnar
26|zzcoder
26|anmolnar
27|wilsonwen
28|Randgalt
29|Randgalt
29|rgs1
29|antonyc
29|caige2015
30|rgs1
30|hongchaodeng
31|shayhatsor
31|rgs1
31|fpj
32|wesc
32|rgs1
32|anmolnar
32|phunt
32|breed
32|skamille
32|henryr
32|fpj
32|rakeshadr
33|Randgalt
33|anmolnar
33|rgs1
34|Randgalt
34|anmolnar
35|leoricxu
35|Humbedooh
35|phunt
35|rakeshadr
35|fpj
35|skamille
35|rgs1
36|sugartxy
36|rgs1
36|gregors
36|anmolnar
37|yongtang
37|anmolnar
38|rgs1
39|rakeshadr
40|Anvil
40|anmolnar
41|YvonneIronberg
41|rgs1
41|anmolnar
42|artasano
42|skamille
42|phunt
42|breed
42|henryr
42|fpj
42|thughes
42|bstrong
43|ch3lo
43|rgs1
43|anmolnar
44|Ormod
44|rgs1
44|anmolnar
44|cedricgithub
45|eribeiro
45|rgs1
45|anmolnar
46|eribeiro
46|kennylbj
46|rakeshadr
46|cnauroth
46|fpj
46|rgs1
46|phunt
46|skamille
47|cpoerschke
47|phunt
47|anmolnar
48|timothyjward
48|cnauroth
49|rakeshadr
49|rthille
49|rgs1
49|Humbedooh
49|phunt
49|henryr
49|skamille
49|fpj
49|cnauroth
50|mprimi
50|rakeshadr
50|anmolnar
51|ThomasLau
51|skamille
51|cpoerschke
51|anmolnar
52|arshadmohammad
52|fpj
53|qayshp
53|skamille
53|cpoerschke
54|qayshp
54|skamille
54|cpoerschke
55|ollie314
55|skamille
55|anmolnar
56|itayB
56|skamille
56|anmolnar
57|ceefour
57|skamille
58|shinya1020
58|anmolnar
59|arshadmohammad
59|eribeiro
59|fpj
60|karanmarjara
60|Humbedooh
60|phunt
61|poponiv
62|kennylbj
62|anmolnar
63|gnuhpc
63|anmolnar
64|beiske
65|rakeshadr
65|fpj
65|hanm
65|anmolnar
66|ralic
66|rthille
66|rgs1
66|skamille
66|phunt
66|henryr
66|fpj
66|rakeshadr
66|cnauroth
67|buptUnixGuys
67|skamille
67|anmolnar
68|ealter
68|anmolnar
69|Felix-Pobaby
69|anmolnar
70|vespian
70|gpaul
70|anmolnar
71|qiaohaijun
71|cpoerschke
71|anmolnar
72|geek101
72|fpj
73|fz23z
73|eribeiro
73|fpj
73|hanm
73|kennylbj
73|rgs1
73|Humbedooh
73|phunt
73|rakeshadr
73|skamille
73|cnauroth
74|ykgarfield
74|eribeiro
74|hanm
74|gstein
74|skamille
74|fpj
74|phunt
74|rakeshadr
74|rgs1
74|cnauroth
74|afine
74|ronin13
74|tedyu
74|arshadmohammad
74|tmancill
74|eolivelli
75|nddipiazza
75|rthille
75|rgs1
75|Humbedooh
75|phunt
75|henryr
75|skamille
75|fpj
75|rakeshadr
75|cnauroth
76|eolivelli
76|hanm
76|rgs1
76|phunt
76|skamille
76|rakeshadr
76|fpj
76|eribeiro
76|shralex
76|Randgalt
77|eribeiro
77|fpj
79|qingmo
79|anmolnar
80|Bjorn248
81|mowinckel
81|anmolnar
82|Randgalt
82|eribeiro
82|skamille
83|gnethercutt
83|hanm
83|bensherman
83|anmolnar
84|Randgalt
84|fpj
84|hanm
84|lvfangmin
84|eribeiro
85|eribeiro
85|breed
85|edwardoliveira
85|hanm
86|kennylbj
86|rgs1
86|skamille
86|rakeshadr
86|fpj
86|phunt
86|cnauroth
87|tmancill
87|fpj
87|eribeiro
87|rakeshadr
88|hanm
89|hanm
90|breed
90|fpj
90|hanm
90|rgs1
90|anmolnar
91|hanm
92|hanm
92|eribeiro
92|lvfangmin
92|shralex
93|hanm
94|hanm
94|fpj
95|fpj
95|arshadmohammad
95|eribeiro
96|hanm
96|breed
96|fpj
96|rgs1
97|fpj
97|rgs1
97|breed
97|hanm
97|anmolnar
98|rakeshadr
98|fpj
98|eribeiro
98|rgs1
99|yufeldman
99|rgs1
99|hanm
99|eribeiro
99|lvfangmin
99|anmolnar
100|hanm
100|rgs1
100|breed
101|rakeshadr
101|fpj
102|hanm
102|fpj
102|eribeiro
102|breed
102|lvfangmin
103|eribeiro
104|fpj
104|breed
104|rakeshadr
104|anmolnar
105|ArneBachmann
105|anmolnar
106|hanm
106|lvfangmin
106|arshadmohammad
107|benjiazhen
107|Humbedooh
107|phunt
107|henryr
107|breed
107|fpj
107|skamille
108|rakeshadr
108|rthille
108|rgs1
108|phunt
108|henryr
108|skamille
108|fpj
108|cnauroth
109|rakeshadr
109|hanm
109|fpj
109|rthille
109|rgs1
109|henryr
109|phunt
109|skamille
109|cnauroth
110|ronin13
110|hanm
111|abhishekrai
111|lvfangmin
111|hanm
112|arshadmohammad
112|hanm
112|rakeshadr
112|jiafujiang
113|arshadmohammad
113|hanm
113|rakeshadr
114|hanm
115|hanm
116|eolivelli
116|arshadmohammad
117|breed
117|hanm
117|rgs1
117|lvfangmin
118|hanm
118|anmolnar
118|eolivelli
118|enixon
119|arshadmohammad
119|anmolnar
119|hanm
119|wuwen5
119|eolivelli
120|enixon
120|hanm
120|breed
120|eribeiro
121|rakeshadr
121|hanm
122|Randgalt
122|hanm
122|fpj
122|eribeiro
123|eribeiro
123|yufeldman
123|hanm
123|anmolnar
123|maoling
123|asf-ci
124|eribeiro
124|rakeshadr
125|eribeiro
125|hanm
126|eribeiro
126|hanm
126|phunt
126|skamille
126|fpj
126|rakeshadr
126|rgs1
126|cnauroth
127|fpj
127|hanm
127|eribeiro
128|fpj
128|rakeshadr
129|mosuka
129|anmolnar
130|rakeshadr
131|rakeshadr
131|rgs1
132|rakeshadr
132|rgs1
132|hanm
133|rakeshadr
133|eribeiro
134|rakeshadr
134|hanm
135|rakeshadr
135|hanm
136|Randgalt
136|eribeiro
136|stuhood
136|hanm
136|skamille
136|eolivelli
136|anmolnar
136|TisonKun
136|afine
137|eribeiro
137|rakeshadr
137|hanm
137|arshadmohammad
138|eribeiro
139|lester015
139|eribeiro
139|hanm
139|Humbedooh
139|phunt
139|fpj
139|skamille
139|rakeshadr
139|rgs1
139|cnauroth
139|afine
139|ronin13
139|tedyu
139|arshadmohammad
139|tmancill
139|eolivelli
140|hanm
140|eribeiro
140|rakeshadr
141|mowinckel
142|afine
142|hanm
143|afine
143|hanm
143|eribeiro
144|hanm
144|afine
144|rakeshadr
144|anmolnar
145|rakeshadr
145|eribeiro
145|ctubbsii
145|hanm
146|Shonminh
147|hanm
147|rakeshadr
148|praste
148|mikaelstaldal
148|nerdyyatrice
148|jvz
148|12hys
148|revans2
148|anmolnar
149|tedyu
149|hanm
149|eribeiro
150|fpj
150|hanm
150|ijuma
150|rakeshadr
150|rcillo
150|djenriquez
150|nrvnrvn
150|edvorkin
150|the-xs
150|jorgheymans
150|riccardofreixo
150|sslavic
150|phunt
150|jeffwidman
150|bwmills
150|anmolnar
150|tophei
150|glasser
150|asfgit
150|eribeiro
150|afine
151|Randgalt
151|hanm
151|jeffwidman
151|asfgit
151|anmolnar
152|Randgalt
152|hanm
153|rakeshadr
153|arshadmohammad
154|hanm
155|eribeiro
155|rakeshadr
156|hanm
156|rakeshadr
156|eribeiro
156|machelcheng
157|revans2
157|fpj
157|eribeiro
157|hanm
157|afine
157|rakeshadr
158|revans2
159|revans2
159|hanm
160|arshadmohammad
160|eribeiro
160|hanm
160|afine
161|arshadmohammad
161|hanm
161|eribeiro
162|arshadmohammad
162|hanm
162|eribeiro
163|arshadmohammad
163|rakeshadr
164|arshadmohammad
164|rakeshadr
165|eolivelli
165|hanm
165|eribeiro
166|yvf
166|anmolnar
167|nerdyyatrice
167|hanm
167|anmolnar
167|fpj
167|shralex
167|kfirlevari
168|hanm
168|eribeiro
169|hanm
169|eribeiro
170|rakeshadr
170|arshadmohammad
170|eribeiro
171|afine
171|hanm
171|Sniperwalnut
172|jiafujiang
172|phunt
172|skamille
172|fpj
172|rakeshadr
172|rgs1
172|cnauroth
172|eribeiro
172|afine
172|hanm
172|ronin13
172|tedyu
172|arshadmohammad
173|jiafujiang
173|afine
173|hanm
173|rakeshadr
173|eribeiro
173|bensherman
174|eribeiro
175|arshadmohammad
176|arshadmohammad
176|afine
176|rakeshadr
177|afine
177|hanm
178|afine
178|rakeshadr
179|hanm
179|afine
179|eribeiro
179|rakeshadr
179|arshadmohammad
179|fpj
180|flier
180|revans2
180|eribeiro
180|afine
180|hanm
180|anmolnar
181|afine
181|hanm
181|rakeshadr
182|joshelser
182|hanm
182|afine
183|hanm
183|rakeshadr
184|afine
184|anmolnar
184|ivmaykov
184|hanm
184|enixon
184|asfgit
184|dain
184|breed
184|geek101
185|geek101
185|anmolnar
186|joshelser
186|anmolnar
186|afine
186|keith-turner
187|hanm
187|rakeshadr
187|afine
188|geek101
188|anmolnar
189|MichelleTPY
189|afine
189|hanm
190|hanm
190|shralex
191|hanm
191|skamille
191|rakeshadr
191|afine
192|Randgalt
192|hanm
192|eribeiro
193|Randgalt
193|eribeiro
193|hanm
194|hanm
194|skamille
195|enixon
195|hanm
195|afine
196|knusbaum
196|govind-menon
196|kishorvpatil
197|knusbaum
197|hanm
197|govind-menon
197|kishorvpatil
197|Humbedooh
198|knusbaum
198|hanm
198|govind-menon
198|Humbedooh
199|geek101
199|adyach
199|anmolnar
200|rakeshadr
200|hanm
201|hanm
201|rakeshadr
202|hanm
203|hanm
204|not-for-me
204|hanm
205|vincentpoon
205|eribeiro
205|anmolnar
205|afine
206|dengyunlong
206|gstein
206|rakeshadr
206|skamille
206|rgs1
206|cnauroth
206|fpj
206|phunt
206|eribeiro
206|arshadmohammad
206|afine
206|hanm
206|ronin13
206|tedyu
206|Randgalt
206|eolivelli
206|joshelser
207|hanm
207|enixon
207|afine
207|phunt
207|rakeshadr
208|eribeiro
208|anmolnar
208|afine
208|vincentpoon
209|vincentpoon
209|anmolnar
210|jeffwidman
210|afine
210|eribeiro
211|hanm
211|rakeshadr
212|mjaow
212|gstein
212|skamille
212|fpj
212|phunt
212|rakeshadr
212|rgs1
212|cnauroth
212|eribeiro
212|afine
212|hanm
212|ronin13
212|tedyu
212|arshadmohammad
212|tmancill
212|eolivelli
213|hanm
213|shralex
214|afine
214|hanm
215|mprimi
215|shralex
215|anmolnar
216|afine
216|eribeiro
216|hanm
217|afine
217|eribeiro
218|afine
218|hanm
219|afine
219|hanm
220|afine
220|hanm
221|afine
221|hanm
222|eolivelli
222|hanm
222|Randgalt
223|upangit
223|afine
223|hanm
224|hanm
224|phunt
225|xingkudu
225|kennylbj
225|rgs1
225|gstein
225|skamille
225|rakeshadr
225|fpj
225|phunt
225|cnauroth
226|tianrobin
226|rgs1
226|skamille
226|rakeshadr
226|fpj
226|phunt
226|cnauroth
227|eolivelli
227|ivankelly
227|hanm
227|afine
228|jeffwidman
228|hanm
229|afine
229|hanm
230|guyuqi
230|skamille
230|fpj
230|phunt
230|rakeshadr
230|rgs1
230|cnauroth
230|eribeiro
230|afine
230|hanm
230|ronin13
230|tedyu
230|arshadmohammad
230|tmancill
230|eolivelli
231|afine
231|rakeshadr
231|hanm
232|afine
232|rakeshadr
232|hanm
233|afine
233|hanm
234|blahblahbloo
234|packysauce
234|anmolnar
234|enixon
234|hanm
235|hanm
236|afine
236|rakeshadr
237|abhi-kr
237|arshadmohammad
238|alburthoffman
238|eribeiro
238|chelin
238|anmolnar
238|afine
239|afine
239|rakeshadr
240|afine
240|hanm
241|eribeiro
241|hanm
242|afine
242|hanm
243|eribeiro
243|hanm
244|dnarasim9
245|afine
245|hanm
245|anmolnar
246|ramu11
246|afine
247|hanm
247|anmolnar
247|asfgit
247|maoling
247|afine
248|Randgalt
248|anmolnar
248|afine
249|Randgalt
249|hanm
250|jiafujiang
250|fpj
250|skamille
250|phunt
250|rakeshadr
250|rgs1
250|cnauroth
250|eribeiro
250|afine
250|hanm
250|ronin13
250|tedyu
250|arshadmohammad
250|tmancill
250|eolivelli
250|jeffwidman
251|afine
251|anmolnar
252|eribeiro
253|jiafujiang
253|hanm
253|afine
254|arshadmohammad
254|hanm
254|rakeshrapache
254|afine
254|rakeshadr
255|andschwa
255|hanm
256|abhishek-chouhan
256|hanm
257|asdf2014
257|hanm
257|eribeiro
257|afine
257|anmolnar
258|afine
258|rakeshadr
259|afine
259|hanm
260|afine
260|hanm
261|jiafujiang
261|hanm
262|asdf2014
262|maoling
262|yunfan123
262|JarenGlover
262|phunt
262|breed
262|nerdyyatrice
263|ramu11
263|hanm
263|kkakarla
264|spectatorwatcher
265|hanm
266|afine
266|hanm
267|packysauce
267|hanm
267|afine
267|Randgalt
268|afine
269|jiafujiang
270|afine
270|hanm
271|afine
271|hanm
272|hanm
272|rakeshadr
273|afine
273|ijuma
273|phunt
274|bensherman
274|alburthoffman
274|hanm
274|afine
275|tmancill
275|bensherman
275|hanm
275|afine
275|anmolnar
276|bensherman
276|hanm
277|afine
278|arshadmohammad
278|hanm
279|jainbhupendra24
279|hanm
279|eribeiro
279|arshadmohammad
280|afine
280|phunt
281|afine
282|revans2
282|hanm
282|arshadmohammad
283|asdf2014
283|hanm
284|lvfangmin
284|hanm
285|gosubpl
285|hanm
285|rakeshadr
286|afine
286|hanm
287|afine
287|hanm
288|asdf2014
288|hanm
289|cdavis2
289|rthille
289|rgs1
289|rakeshadr
289|shayhatsor
289|fpj
289|cnauroth
289|phunt
289|skamille
289|Lagrang
290|asdf2014
290|afine
290|anmolnar
291|brahmareddybattula
291|hanm
292|hanm
292|shralex
292|asdf2014
293|asdf2014
293|afine
293|anmolnar
294|asdf2014
294|eolivelli
294|anmolnar
295|asdf2014
295|anmolnar
296|asdf2014
296|anmolnar
296|afine
296|phunt
297|asdf2014
297|shralex
297|anmolnar
297|afine
298|asdf2014
298|anmolnar
298|maoling
299|asdf2014
299|anmolnar
300|afine
300|anmolnar
300|asfgit
300|lavacat
301|asdf2014
301|afine
301|anmolnar
302|asdf2014
302|anmolnar
303|asdf2014
303|maoling
304|hanm
304|arshadmohammad
304|asdf2014
305|hanm
306|andschwa
306|hanm
307|karanmehta93
307|hanm
307|tdunning
307|eribeiro
307|skamille
307|zodvik
307|anmolnar
308|maoling
308|hanm
308|anmolnar
308|afine
309|thelordpsy
309|anmolnar
310|lvfangmin
310|revans2
311|andschwa
311|hanm
312|CheneySun
312|hanm
312|eribeiro
313|andschwa
313|hanm
314|lvfangmin
314|anmolnar
315|hanm
315|shralex
316|afine
316|hanm
317|afine
317|hanm
318|pyx1990
318|hanm
319|andschwa
319|hanm
320|tschuettel
320|eribeiro
320|hanm
321|lvfangmin
321|hanm
322|lvfangmin
322|hanm
322|maoling
323|ykunda
323|hanm
323|afine
324|LionelCons
324|hanm
324|afine
324|anmolnar
324|arshadmohammad
325|makubi
325|hanm
325|eribeiro
325|afine
326|hanm
327|afine
327|hanm
328|shralex
328|hanm
329|afine
329|hanm
330|DanBenediktson
330|nicktrav
330|hanm
330|anmolnar
331|lvfangmin
331|hanm
332|Randgalt
332|eolivelli
333|enixon
333|hanm
334|bitgaoshu
334|maoling
335|andschwa
335|hanm
336|bitgaoshu
336|skamille
336|hanm
336|maoling
337|lvfangmin
337|anmolnar
338|arshadmohammad
338|hanm
338|pmoust
338|anmolnar
338|s4s0l
338|afine
339|maoling
339|hanm
339|eolivelli
340|afine
341|manojmallela
341|hanm
342|bitgaoshu
342|hanm
342|maoling
342|DanBenediktson
343|nikhilbhide
343|cnauroth
343|sgrillon14
343|rakeshadr
343|rgs1
343|fpj
343|phunt
343|skamille
343|eribeiro
343|shralex
343|Randgalt
343|arshadmohammad
343|afine
343|hanm
343|tedyu
343|ronin13
343|joshelser
343|eolivelli
343|jeffwidman
343|upangit
343|abhi-kr
343|kkakarla
343|packysauce
343|bensherman
343|asdf2014
343|brahmareddybattula
343|andschwa
343|pyx1990
343|MichelleTPY
343|makubi
343|ykunda
343|bitgaoshu
344|bitgaoshu
344|anmolnar
345|nikhilbhide
345|eribeiro
345|afine
346|nikhilbhide
347|nikhilbhide
347|maoling
348|maoling
348|hanm
348|afine
349|maoling
349|hanm
349|afine
350|soarpenguin
350|cpoerschke
350|phunt
350|hanm
350|maoling
350|anmolnar
351|bitgaoshu
351|anmolnar
352|minseclab
352|eribeiro
352|cnauroth
352|sgrillon14
352|pono
352|rgs1
352|rakeshadr
352|fpj
352|phunt
352|skamille
352|shralex
352|Randgalt
352|arshadmohammad
352|afine
352|hanm
352|tedyu
352|ronin13
352|joshelser
352|eolivelli
352|jeffwidman
352|upangit
352|abhi-kr
352|kkakarla
352|packysauce
352|bensherman
352|asdf2014
352|brahmareddybattula
352|andschwa
352|pyx1990
352|MichelleTPY
352|makubi
352|ykunda
352|bitgaoshu
352|manojmallela
352|tamaashu
352|maoling
352|nikhilbhide
353|lvfangmin
353|breed
353|anmolnar
353|hanm
354|tamaashu
354|hanm
354|eribeiro
354|afine
355|mfenes
355|hanm
355|afine
356|bitgaoshu
356|maoling
357|tamaashu
357|phunt
357|afine
357|hanm
358|xoiss
358|phunt
358|skamille
358|fpj
358|rakeshadr
358|rgs1
358|cnauroth
358|eribeiro
358|afine
358|hanm
358|ronin13
358|tedyu
358|arshadmohammad
358|tmancill
358|eolivelli
358|jeffwidman
358|bensherman
358|gosubpl
358|brahmareddybattula
358|pyx1990
358|andschwa
358|tschuettel
358|ykunda
358|manojmallela
359|xoiss
359|phunt
359|anmolnar
360|xoiss
360|phunt
360|anmolnar
361|asdf2014
361|hanm
361|anmolnar
361|maoling
362|Ormod
362|hanm
362|phunt
362|anmolnar
363|xoiss
363|phunt
363|anmolnar
364|nikhilbhide
365|nikhilbhide
366|nikhilbhide
366|phunt
366|skamille
366|fpj
366|rakeshadr
366|rgs1
366|cnauroth
366|eribeiro
366|afine
366|hanm
366|ronin13
366|tedyu
366|arshadmohammad
366|tmancill
366|eolivelli
366|jeffwidman
366|bensherman
366|gosubpl
366|brahmareddybattula
366|pyx1990
366|andschwa
366|tschuettel
366|ykunda
366|manojmallela
367|nikhilbhide
367|hanm
368|nikhilbhide
369|nikhilbhide
369|fpj
369|skamille
369|phunt
369|rakeshadr
369|rgs1
369|cnauroth
369|eribeiro
369|afine
369|hanm
369|ronin13
369|tedyu
369|arshadmohammad
369|tmancill
369|eolivelli
369|jeffwidman
369|bensherman
369|gosubpl
369|brahmareddybattula
369|pyx1990
369|andschwa
369|tschuettel
369|ykunda
369|manojmallela
370|nikhilbhide
371|nikhilbhide
371|mfenes
371|anmolnar
372|nikhilbhide
373|nikhilbhide
374|nikhilbhide
374|maoling
375|mfenes
375|afine
375|anmolnar
376|20100507
376|maoling
376|phunt
377|Randgalt
377|phunt
377|anmolnar
377|afine
377|lvfangmin
377|rakeshadr
377|DanBenediktson
378|Randgalt
378|phunt
378|anmolnar
379|nikhilbhide
379|phunt
380|Shonminh
380|maoling
380|Randgalt
380|phunt
381|andschwa
381|phunt
382|andschwa
382|phunt
383|andschwa
383|phunt
384|afine
384|phunt
385|afine
385|phunt
386|proller
386|phunt
386|andschwa
386|anmolnar
387|nikhilbhide
388|likebean
388|phunt
388|rgs1
388|rakeshadr
388|cnauroth
388|fpj
388|skamille
388|eribeiro
388|arshadmohammad
388|afine
388|hanm
388|ronin13
388|tedyu
388|Randgalt
388|eolivelli
388|joshelser
388|jeffwidman
388|upangit
388|abhi-kr
388|kkakarla
388|packysauce
388|bensherman
388|asdf2014
388|brahmareddybattula
388|pyx1990
388|andschwa
388|shralex
388|ykunda
388|manojmallela
388|maoling
388|nikhilbhide
388|tamaashu
389|tamaashu
389|phunt
390|mfenes
390|phunt
391|mfenes
391|phunt
391|dernasherbrezon
392|anmolnar
392|phunt
393|anmolnar
393|phunt
394|afine
394|phunt
395|tamaashu
395|phunt
395|anmolnar
396|afine
396|phunt
397|afine
397|phunt
398|afine
398|phunt
399|tamaashu
399|anmolnar
400|anmolnar
400|afine
400|phunt
401|anmolnar
401|phunt
402|anmolnar
402|afine
403|jiafujiang
403|anmolnar
403|afine
404|mfenes
404|phunt
404|afine
404|anmolnar
405|mfenes
405|phunt
405|anmolnar
406|mfenes
406|phunt
406|anmolnar
407|fr0stbyte
408|jiafujiang
408|anmolnar
409|anmolnar
409|phunt
409|afine
410|fr0stbyte
410|afine
410|anmolnar
410|phunt
411|kfirlevari
411|anmolnar
411|afine
411|shralex
412|anmolnar
412|afine
413|javicacheiro
413|anmolnar
413|phunt
413|afine
414|OuYangLiang
414|afine
414|maoling
414|asfgit
415|anmolnar
415|phunt
415|afine
416|anmolnar
416|phunt
416|afine
417|afine
417|phunt
417|rakeshadr
418|sriramch
418|emonty
418|afine
419|brian-lininger
419|afine
420|anmolnar
420|phunt
420|afine
421|cdonati
421|phunt
421|afine
421|anmolnar
422|afine
422|phunt
422|anmolnar
423|abel-von
423|mfenes
423|afine
423|anmolnar
424|afine
424|anmolnar
425|alexbb
425|phunt
425|afine
426|afine
426|phunt
427|fr0stbyte
427|anmolnar
427|mfenes
427|phunt
428|jorgheymans
428|anmolnar
429|anmolnar
429|phunt
430|anmolnar
430|phunt
430|paulmillar
431|jorgheymans
431|phunt
431|anmolnar
432|afine
432|anmolnar
432|phunt
433|afine
433|phunt
433|anmolnar
434|afine
434|phunt
434|anmolnar
435|anmolnar
435|phunt
436|afine
436|phunt
437|afine
437|anmolnar
437|phunt
438|xiangyq000
438|anmolnar
438|afine
438|shralex
439|abhishekrai
439|afine
439|anmolnar
439|jeffwidman
439|jbequinn
439|eolivelli
440|anmolnar
440|phunt
440|bearcage
440|afine
441|anmolnar
441|skamille
441|afine
442|MichaelYgZhang
442|anmolnar
443|mfenes
443|phunt
443|anmolnar
443|afine
444|mfenes
444|phunt
444|anmolnar
445|mfenes
445|phunt
445|anmolnar
446|maoling
446|phunt
446|afine
446|anmolnar
446|qihongxu
447|lvfangmin
447|anmolnar
447|hanm
448|kofemann
448|anmolnar
449|qihongxu
449|anmolnar
450|mfenes
450|afine
450|anmolnar
450|eolivelli
451|anmolnar
451|mfenes
451|jeffwidman
451|ijuma
451|hanm
451|eribeiro
451|afine
451|fpj
452|maoling
452|afine
453|revans2
453|anmolnar
453|afine
453|kishorvpatil
453|mfenes
454|revans2
454|kishorvpatil
455|revans2
455|kishorvpatil
456|JonathanO
456|fpj
456|asfgit
457|craz186
457|eolivelli
458|mfenes
458|afine
459|mfenes
459|afine
459|kangguidong
460|achimbab
461|achimbab
461|mfenes
461|afine
462|anmolnar
462|afine
462|phunt
462|mfenes
463|anmolnar
463|afine
463|mfenes
464|maoling
464|hanm
464|eolivelli
464|anmolnar
465|JonathanO
465|jiafujiang
466|anmolnar
466|phunt
466|eribeiro
466|rakeshadr
467|mfenes
467|anmolnar
467|phunt
468|EronWright
468|afine
468|fpj
468|anmolnar
469|mfenes
469|anmolnar
469|phunt
469|afine
470|mfenes
471|mfenes
472|luoxn28
472|anmolnar
473|asutosh936
473|anmolnar
473|afine
474|sumitagrawl
474|rakeshadr
474|maoling
474|afine
474|anmolnar
475|hamsterready
475|anmolnar
476|enixon
476|maoling
476|hanm
476|anmolnar
476|eribeiro
476|afine
477|enixon
478|enixon
478|hanm
479|elyograg
479|eribeiro
479|hanm
479|anmolnar
480|cxxjava
480|hanm
480|maoling
480|anmolnar
480|skamille
480|fpj
480|phunt
480|rakeshadr
480|rgs1
480|cnauroth
480|eribeiro
480|afine
480|ronin13
480|tedyu
480|arshadmohammad
480|tmancill
480|eolivelli
480|jeffwidman
480|bensherman
480|gosubpl
480|brahmareddybattula
480|pyx1990
480|andschwa
480|tschuettel
480|ykunda
480|manojmallela
480|nikhilbhide
480|tamaashu
481|cxxjava
481|anmolnar
481|skamille
481|fpj
481|phunt
481|rakeshadr
481|rgs1
481|cnauroth
481|eribeiro
481|afine
481|hanm
481|ronin13
481|tedyu
481|arshadmohammad
481|tmancill
481|eolivelli
481|jeffwidman
481|bensherman
481|gosubpl
481|brahmareddybattula
481|pyx1990
481|andschwa
481|tschuettel
481|ykunda
481|manojmallela
481|maoling
481|nikhilbhide
481|tamaashu
482|asutosh936
482|afine
483|andschwa
484|andschwa
484|hanm
485|andschwa
485|hanm
486|andschwa
486|anmolnar
486|hanm
486|proller
487|anmolnar
487|phunt
487|nkalmar
488|asutosh936
488|anmolnar
488|afine
488|tamaashu
488|jason95
488|hanm
489|troodes
489|maoling
489|phunt
489|afine
489|lvfangmin
489|anmolnar
490|leventov
490|anmolnar
490|mfenes
490|phunt
490|maoling
491|sel-fish
492|sel-fish
492|eribeiro
492|hanm
492|anmolnar
492|maoling
493|edwardoliveira
493|lujiefsi
493|eribeiro
493|maoling
493|hanm
493|anmolnar
494|brettKK
494|rakeshadr
494|rgs1
494|cnauroth
494|fpj
494|phunt
494|skamille
494|eribeiro
494|arshadmohammad
494|afine
494|hanm
494|ronin13
494|tedyu
494|Randgalt
494|eolivelli
494|joshelser
494|jeffwidman
494|upangit
494|abhi-kr
494|kkakarla
494|packysauce
494|bensherman
494|asdf2014
494|brahmareddybattula
494|pyx1990
494|andschwa
494|shralex
494|ykunda
494|manojmallela
494|maoling
494|nikhilbhide
494|tamaashu
494|anmolnar
494|javicacheiro
494|cdonati
494|fr0stbyte
494|jorgheymans
494|alexbb
494|qihongxu
494|achimbab
494|asutosh936
494|elyograg
494|sel-fish
495|brettKK
495|lujiefsi
495|anmolnar
495|phunt
495|maoling
496|brettKK
496|anmolnar
496|nkalmar
496|lujiefsi
496|phunt
496|pravsingh
496|Randgalt
496|shralex
496|lavacat
496|asutosh936
496|timothyjward
497|anmolnar
497|nkalmar
497|phunt
499|dforsyth
499|andschwa
499|anmolnar
499|hanm
500|lavacat
500|shralex
500|anmolnar
500|eribeiro
500|edwardoliveira
501|nkalmar
501|phunt
501|anmolnar
501|edwardoliveira
502|nkalmar
502|hanm
502|anmolnar
503|lavacat
503|shralex
504|brettKK
504|lvfangmin
504|lujiefsi
505|andschwa
505|phunt
506|anmolnar
506|phunt
507|nkalmar
508|anmolnar
508|phunt
509|anmolnar
509|phunt
510|nkalmar
510|anmolnar
510|lvfangmin
511|roy2220
511|maoling
511|anmolnar
511|phunt
512|lavacat
512|shralex
512|hanm
513|EronWright
513|fpj
514|anmolnar
514|phunt
514|nkalmar
515|anmolnar
515|phunt
515|nkalmar
516|anmolnar
516|phunt
517|anmolnar
517|phunt
518|anmolnar
518|phunt
519|nkalmar
519|phunt
519|anmolnar
520|nkalmar
520|phunt
520|anmolnar
521|lavacat
521|anmolnar
521|maoling
522|anmolnar
522|rgs1
522|phunt
523|lavacat
523|phunt
524|eolivelli
524|phunt
525|lujiefsi
525|phunt
525|lvfangmin
525|hanm
526|phunt
526|hanm
527|phunt
527|hanm
528|anmolnar
528|phunt
528|mkedwards
529|timothyjward
529|nkalmar
529|anmolnar
529|enixon
530|timothyjward
530|maoling
530|anmolnar
530|asfgit
530|eolivelli
531|timothyjward
531|phunt
532|eolivelli
532|phunt
533|maoling
533|nkalmar
533|anmolnar
534|anmolnar
534|hanm
534|lvfangmin
534|nkalmar
535|DorgenJones
536|phunt
536|hanm
537|phunt
537|hanm
538|lavacat
538|hanm
539|narahari92
539|lvfangmin
539|maoling
540|timelapsewithinlive
540|nkalmar
540|asfgit
540|anmolnar
540|phunt
540|rgs1
540|rakeshadr
540|fpj
540|cnauroth
540|skamille
540|eribeiro
540|afine
540|hanm
540|ronin13
540|tedyu
540|arshadmohammad
540|tmancill
540|eolivelli
540|jeffwidman
540|bensherman
540|gosubpl
540|brahmareddybattula
540|pyx1990
540|andschwa
540|tschuettel
540|ykunda
540|manojmallela
540|maoling
540|nikhilbhide
540|tamaashu
540|javicacheiro
540|cdonati
540|jorgheymans
540|alexbb
540|achimbab
540|asutosh936
540|elyograg
540|shralex
540|lavacat
540|sl4mmy
540|lujiefsi
540|cpoerschke
541|abhishek-chouhan
541|anmolnar
541|maoling
542|mjeelanimsft
542|lvfangmin
542|anmolnar
542|nkalmar
543|yisong-yue
543|hanm
544|lujiefsi
544|hanm
544|lvfangmin
544|nkalmar
545|anmolnar
545|hanm
545|enixon
545|breed
545|nkalmar
546|eolivelli
546|anmolnar
546|enixon
546|ivankelly
546|nkalmar
547|enixon
547|nkalmar
547|anmolnar
548|mjeelanimsft
548|maoling
548|anmolnar
548|breed
548|xy24
548|lvfangmin
549|nkalmar
549|eolivelli
549|anmolnar
549|enixon
549|tamaashu
550|nkalmar
550|anmolnar
550|eolivelli
551|nkalmar
552|nkalmar
552|anmolnar
552|eolivelli
553|xiaoed
553|nkalmar
553|maoling
553|anmolnar
553|tamaashu
554|cpoerschke
554|breed
554|nkalmar
554|maoling
555|cpoerschke
555|breed
555|lvfangmin
555|nkalmar
556|maoling
556|breed
556|anmolnar
556|hanm
556|nkalmar
557|sl4mmy
557|lvfangmin
557|phunt
558|sl4mmy
558|breed
558|anmolnar
558|nkalmar
559|sl4mmy
559|breed
559|nkalmar
560|enixon
560|breed
560|hanm
561|enixon
561|maoling
561|hanm
561|breed
561|anmolnar
562|lvfangmin
562|edwardoliveira
562|breed
562|hanm
562|anmolnar
562|nkalmar
563|bothejjms
563|anmolnar
563|breed
563|nkalmar
564|nkalmar
564|tamaashu
564|anmolnar
564|eolivelli
565|jpeach
565|lvfangmin
565|anmolnar
565|breed
565|nkalmar
566|cpoerschke
566|maoling
566|breed
566|phunt
566|lvfangmin
566|nkalmar
567|suyogmapara
567|anmolnar
567|maoling
567|asfgit
567|tamaashu
567|breed
568|hanm
568|anmolnar
569|nkalmar
569|anmolnar
570|lavacat
570|anmolnar
571|lavacat
571|anmolnar
572|nkalmar
572|maoling
572|lvfangmin
572|anmolnar
572|pravsingh
572|breed
573|xiaoed
573|breed
573|maoling
573|hanm
573|nkalmar
574|nkalmar
574|anmolnar
575|sl4mmy
575|lvfangmin
575|phunt
576|lavacat
576|lvfangmin
576|phunt
577|mjeelanimsft
577|hanm
577|nkalmar
578|lvfangmin
578|hanm
579|mjeelanimsft
579|breed
579|tudor
579|anmolnar
579|lvfangmin
580|jtuple
580|hanm
580|anmolnar
580|eolivelli
580|lvfangmin
581|sl4mmy
581|nkalmar
581|lvfangmin
581|anmolnar
581|breed
582|eolivelli
582|hanm
582|lvfangmin
582|anmolnar
582|pravsingh
583|lvfangmin
583|maoling
583|breed
583|nkalmar
584|MichaelScofield
584|breed
584|lvfangmin
584|anmolnar
584|maoling
584|nkalmar
585|lordofkey
585|breed
585|phunt
585|cnauroth
585|skamille
585|fpj
585|rgs1
585|rakeshadr
585|eribeiro
585|arshadmohammad
585|afine
585|hanm
585|ronin13
585|tedyu
585|Randgalt
585|eolivelli
585|joshelser
585|jeffwidman
585|upangit
585|abhi-kr
585|kkakarla
585|packysauce
585|bensherman
585|asdf2014
585|brahmareddybattula
585|pyx1990
585|andschwa
585|shralex
585|ykunda
585|manojmallela
585|maoling
585|nikhilbhide
585|tamaashu
585|anmolnar
585|javicacheiro
585|cdonati
585|fr0stbyte
585|jorgheymans
585|alexbb
585|qihongxu
585|achimbab
585|asutosh936
585|elyograg
585|sel-fish
585|dforsyth
585|proller
585|nkalmar
585|lavacat
585|timothyjward
585|yisong-yue
585|abhishek-chouhan
585|sl4mmy
586|lordofkey
586|lvfangmin
586|asfgit
586|phunt
586|breed
586|pravsingh
587|maoling
587|anmolnar
587|asfgit
587|enixon
587|lvfangmin
587|tamaashu
587|eolivelli
588|lvfangmin
588|gmcdonald
588|anmolnar
588|hanm
588|breed
589|nkalmar
589|anmolnar
590|lvfangmin
590|anmolnar
590|maoling
590|nkalmar
590|asfgit
590|hanm
591|lvfangmin
591|hanm
592|PhantomThief
592|anmolnar
592|brandon-miles
592|maoling
592|lvfangmin
593|lvfangmin
593|anmolnar
593|maoling
593|breed
593|nkalmar
594|lvfangmin
594|anmolnar
595|lvfangmin
595|anmolnar
595|maoling
596|tywe
596|nkalmar
596|anmolnar
596|phunt
596|breed
596|skamille
596|fpj
596|rakeshadr
597|nkalmar
597|anmolnar
598|eolivelli
598|lvfangmin
598|anmolnar
599|nkalmar
599|anmolnar
600|nkalmar
600|anmolnar
601|eolivelli
601|lvfangmin
601|anmolnar
602|nkalmar
602|anmolnar
603|nkalmar
603|anmolnar
604|jeremywangjun
604|skamille
604|phunt
604|fpj
604|breed
604|rakeshadr
605|lvfangmin
605|anmolnar
605|hanm
605|breed
605|nkalmar
606|lvfangmin
606|breed
606|hanm
607|lavacat
607|anmolnar
608|maoling
608|tamaashu
608|anmolnar
608|nkalmar
609|nkalmar
609|tamaashu
609|anmolnar
610|lvfangmin
610|nkalmar
610|eolivelli
611|wangchaod
611|enixon
611|lvfangmin
611|anmolnar
611|hanm
611|asfgit
612|lvfangmin
612|hanm
612|anmolnar
612|nkalmar
613|maoling
613|anmolnar
614|eolivelli
614|hanm
614|maoling
615|enixon
615|anmolnar
615|hanm
616|nkalmar
616|anmolnar
616|eolivelli
617|nkalmar
617|anmolnar
617|lvfangmin
617|eolivelli
617|maoling
618|maoling
618|nameof
619|enixon
619|hanm
620|yisong-yue
620|hanm
620|asfgit
621|lvfangmin
621|hanm
622|lvfangmin
622|anmolnar
622|eolivelli
623|lvfangmin
623|hanm
623|asfgit
623|dineshappavoo
624|maoling
624|lvfangmin
624|breed
624|asfgit
624|enixon
624|anmolnar
624|eolivelli
625|roodkcab
625|enixon
625|hanm
626|eolivelli
626|anmolnar
626|asfgit
626|hanm
627|ivmaykov
627|hanm
627|anmolnar
627|asfgit
628|enixon
628|hanm
628|asfgit
628|lvfangmin
628|anmolnar
628|eolivelli
629|maoling
629|eolivelli
629|asfgit
629|lvfangmin
629|anmolnar
630|maoling
630|dineshappavoo
630|eolivelli
630|asfgit
630|anmolnar
630|lvfangmin
631|lvfangmin
631|anmolnar
632|lvfangmin
632|asfgit
632|hanm
632|eolivelli
632|eribeiro
632|edwardoliveira
633|nkalmar
633|hanm
633|asfgit
633|eolivelli
633|anmolnar
634|hanm
635|hanm
636|eolivelli
637|eolivelli
637|asfgit
638|eolivelli
638|asfgit
639|roodkcab
639|asfgit
639|hanm
639|eolivelli
639|anmolnar
640|eolivelli
640|asfgit
641|eolivelli
641|asfgit
642|hanm
642|asfgit
642|anmolnar
643|tamaashu
643|asfgit
643|anmolnar
643|hanm
643|maoling
643|nkalmar
644|tamaashu
644|asfgit
644|anmolnar
645|tamaashu
645|asfgit
645|anmolnar
646|roodkcab
646|asfgit
647|lvfangmin
647|asfgit
647|anmolnar
647|hanm
648|revans2
648|asfgit
648|anmolnar
648|eolivelli
649|yisong-yue
649|asfgit
649|lvfangmin
649|hanm
650|Reidddddd
650|asfgit
650|eolivelli
650|lvfangmin
650|anmolnar
650|tamaashu
650|maoling
651|anmolnar
651|asfgit
651|hanm
651|lvfangmin
651|eolivelli
652|revans2
652|asfgit
652|eolivelli
652|anmolnar
652|lvfangmin
653|anmolnar
653|asfgit
653|nkalmar
654|arankin-irl
654|asfgit
654|nkalmar
654|eolivelli
655|anmolnar
655|asfgit
655|afine
656|nkalmar
656|asfgit
656|anmolnar
657|anmolnar
657|asfgit
657|lvfangmin
657|eolivelli
658|nkalmar
658|asfgit
658|lvfangmin
658|anmolnar
659|anmolnar
659|asfgit
659|lvfangmin
659|eolivelli
660|anmolnar
660|asfgit
660|lvfangmin
661|tamaashu
661|asfgit
661|anmolnar
662|andreareale
662|asfgit
662|nkalmar
662|tamaashu
662|anmolnar
663|tamaashu
663|asfgit
663|anmolnar
663|lvfangmin
663|eolivelli
664|tamaashu
664|asfgit
664|anmolnar
665|lvfangmin
665|asfgit
665|nkalmar
665|tamaashu
665|maoling
665|hanm
665|eolivelli
666|Reidddddd
666|asfgit
666|anmolnar
667|maoling
667|asfgit
667|eolivelli
667|dineshappavoo
667|lvfangmin
668|anmolnar
668|asfgit
668|ivmaykov
668|eolivelli
669|ivmaykov
669|asfgit
669|enixon
669|eolivelli
669|maoling
669|normanmaurer
669|anmolnar
669|dain
670|nkalmar
670|asfgit
670|eolivelli
671|tamaashu
671|asfgit
671|anmolnar
672|nkalmar
672|asfgit
672|tamaashu
672|anmolnar
672|eolivelli
673|lvfangmin
673|asfgit
673|hanm
673|tumativ
673|anmolnar
673|eolivelli
674|nkalmar
674|asfgit
674|anmolnar
675|nkalmar
675|asfgit
675|anmolnar
676|aajisaka
676|asfgit
676|eolivelli
676|lvfangmin
676|anmolnar
676|hanm
677|anmolnar
677|asfgit
678|ivmaykov
678|asfgit
678|eolivelli
678|hanm
678|anmolnar
678|enixon
678|tumativ
679|ivmaykov
679|asfgit
679|anmolnar
680|ivmaykov
680|asfgit
680|anmolnar
680|tumativ
680|eolivelli
681|ivmaykov
681|asfgit
681|anmolnar
682|anmolnar
682|asfgit
682|lvfangmin
683|xfm18901105
683|asfgit
684|enixon
684|asfgit
684|maoling
684|anmolnar
684|hanm
684|lvfangmin
684|tumativ
685|lvfangmin
685|asfgit
685|anmolnar
686|TyqITstudent
686|asfgit
686|maoling
686|anmolnar
686|nkalmar
687|TyqITstudent
687|asfgit
687|nkalmar
687|fpj
687|rgs1
687|rakeshadr
687|cnauroth
687|phunt
687|skamille
687|eribeiro
687|afine
687|hanm
687|ronin13
687|tedyu
687|arshadmohammad
687|tmancill
687|eolivelli
687|jeffwidman
687|bensherman
687|gosubpl
687|brahmareddybattula
687|pyx1990
687|andschwa
687|tschuettel
687|ykunda
687|manojmallela
687|maoling
687|nikhilbhide
687|tamaashu
687|anmolnar
687|javicacheiro
687|cdonati
687|jorgheymans
687|alexbb
687|achimbab
687|asutosh936
687|elyograg
687|shralex
687|lavacat
687|sl4mmy
687|lujiefsi
687|cpoerschke
688|TyqITstudent
688|asfgit
688|nkalmar
688|maoling
688|anmolnar
689|tumativ
689|asfgit
689|anmolnar
689|lvfangmin
690|yisong-yue
690|asfgit
690|eolivelli
690|anmolnar
690|lvfangmin
690|nkalmar
691|eolivelli
691|asfgit
692|tamaashu
692|eolivelli
692|anmolnar
692|nkalmar
692|hanm
692|lvfangmin
697|tamaashu
697|lvfangmin
697|anmolnar
698|tamaashu
698|lvfangmin
698|anmolnar
699|andreareale
699|anmolnar
700|anmolnar
700|hanm
700|eolivelli
701|lvfangmin
701|eolivelli
702|dineshappavoo
702|hanm
702|lvfangmin
702|eolivelli
703|lvfangmin
703|anmolnar
703|hanm
704|TyqITstudent
704|tyqtyqtyq
705|TyqITstudent
705|tyqtyqtyq
706|anmolnar
706|eolivelli
707|mkedwards
707|maoling
707|anmolnar
707|eolivelli
708|nkalmar
708|anmolnar
709|ivmaykov
709|anmolnar
709|eolivelli
710|ivmaykov
710|anmolnar
710|lvfangmin
710|eolivelli
711|anmolnar
711|hanm
711|lvfangmin
711|eolivelli
712|tumativ
712|eolivelli
712|anmolnar
712|lvfangmin
713|mkedwards
713|anmolnar
714|mkedwards
714|lvfangmin
714|anmolnar
715|mkedwards
715|nkalmar
715|anmolnar
715|lvfangmin
715|emschwar
716|coheigea
716|anmolnar
716|eolivelli
717|mkedwards
717|anmolnar
718|mkedwards
718|anmolnar
718|lvfangmin
719|mkedwards
719|anmolnar
719|eolivelli
720|TyqITstudent
720|eolivelli
720|maoling
720|nkalmar
720|tyqtyqtyq
721|mkedwards
721|eolivelli
721|anmolnar
721|lavacat
722|lvfangmin
722|anmolnar
722|eolivelli
723|mkedwards
723|ivmaykov
723|anmolnar
723|nkalmar
723|eolivelli
724|mkedwards
724|anmolnar
724|nkalmar
725|achernatsky
725|anmolnar
726|akkumar
726|lvfangmin
726|eolivelli
727|ivmaykov
727|anmolnar
728|arankin-irl
728|nkalmar
728|anmolnar
728|ivmaykov
729|lvfangmin
729|anmolnar
729|nkalmar
729|eolivelli
730|achernatsky
730|hanm
730|dmitriyHavrilovich
730|enixon
730|eolivelli
730|tdunning
730|symat
730|anmolnar
731|lvfangmin
731|dineshappavoo
731|anmolnar
731|tamaashu
731|nkalmar
731|eolivelli
732|stanlyDoge
732|lvfangmin
732|maoling
732|anmolnar
733|TisonKun
733|nkalmar
733|eolivelli
734|tamaashu
734|anmolnar
734|eolivelli
735|dineshappavoo
735|maoling
735|anmolnar
735|enixon
735|lvfangmin
735|eolivelli
736|eolivelli
736|phunt
736|anmolnar
737|ivmaykov
737|anmolnar
737|lvfangmin
738|jhuan31
738|dineshappavoo
738|lvfangmin
738|eolivelli
739|ivmaykov
739|lvfangmin
739|anmolnar
740|anmolnar
740|lvfangmin
741|nkalmar
741|anmolnar
741|eolivelli
742|eolivelli
742|nkalmar
742|anmolnar
743|ivmaykov
743|dineshappavoo
743|anmolnar
743|lvfangmin
744|ivmaykov
744|dineshappavoo
744|anmolnar
744|lvfangmin
745|nkalmar
745|anmolnar
745|lvfangmin
746|eolivelli
747|enixon
747|eolivelli
747|lvfangmin
748|maoling
748|anmolnar
748|eolivelli
749|maoling
749|lvfangmin
749|eolivelli
750|anmolnar
750|eolivelli
751|eolivelli
751|maoling
751|asfgit
751|anmolnar
751|nkalmar
752|coheigea
752|dineshappavoo
752|enixon
752|anmolnar
752|eolivelli
752|maoling
753|anmolnar
753|nkalmar
753|eolivelli
753|ivmaykov
753|enixon
753|normanmaurer
753|asfgit
753|jgehrcke
754|anmolnar
754|nkalmar
755|nkalmar
755|anmolnar
756|nkalmar
756|anmolnar
757|coheigea
757|hanm
757|anmolnar
757|lvfangmin
757|eolivelli
758|nkalmar
758|anmolnar
759|nkalmar
759|anmolnar
760|vivekpatani
760|anmolnar
760|eolivelli
761|enixon
761|anmolnar
761|lvfangmin
761|eolivelli
762|coheigea
762|anmolnar
762|eolivelli
763|eolivelli
763|anmolnar
763|nkalmar
764|eolivelli
764|anmolnar
764|nkalmar
765|nkalmar
765|anmolnar
766|nkalmar
766|anmolnar
767|enixon
767|lvfangmin
767|anmolnar
767|hanm
767|eolivelli
768|jhuan31
768|anmolnar
768|lvfangmin
769|jhuan31
769|anmolnar
769|lvfangmin
769|sonymoon
770|enixon
770|anmolnar
770|lvfangmin
770|nkalmar
771|jhuan31
771|lvfangmin
772|nkalmar
772|anmolnar
773|nkalmar
773|anmolnar
773|eolivelli
774|nkalmar
774|anmolnar
774|eolivelli
775|kevindai007
775|tamaashu
775|eolivelli
775|kennylbj
775|rgs1
775|anmolnar
775|rakeshadr
775|fpj
775|phunt
775|skamille
775|cnauroth
776|nkalmar
776|anmolnar
776|eolivelli
776|tamaashu
776|asfgit
777|yaojingguo
777|lvfangmin
777|maoling
777|anmolnar
777|eolivelli
778|anmolnar
778|dineshappavoo
778|eolivelli
779|eolivelli
779|anmolnar
780|lvfangmin
780|anmolnar
781|jhuan31
781|eolivelli
781|anmolnar
781|lvfangmin
782|lwjli
782|maoling
782|anmolnar
782|tamaashu
782|eolivelli
783|eolivelli
783|asfgit
783|anmolnar
784|joshelser
784|maoling
784|anmolnar
784|eolivelli
785|eolivelli
785|anmolnar
785|tamaashu
785|nkalmar
786|maoling
786|phunt
786|dineshappavoo
786|lvfangmin
786|anmolnar
786|nkalmar
787|athanatos
787|eolivelli
787|anmolnar
787|phunt
787|nkalmar
788|eolivelli
788|anmolnar
788|nkalmar
789|enixon
789|anmolnar
789|lvfangmin
789|eolivelli
790|maoling
790|dineshappavoo
790|anmolnar
791|eolivelli
791|anmolnar
792|eolivelli
792|enixon
792|phunt
792|anmolnar
793|eolivelli
793|anmolnar
794|eolivelli
794|asfgit
795|gzsombor
795|anmolnar
795|nkalmar
795|eolivelli
796|jhuan31
796|lvfangmin
796|phunt
796|eolivelli
796|anmolnar
797|gzsombor
797|anmolnar
798|gzsombor
798|anmolnar
799|Randgalt
799|eolivelli
799|anmolnar
799|asfgit
800|jhuan31
800|lvfangmin
800|eolivelli
800|anmolnar
801|ArneBachmann
801|tamaashu
801|eolivelli
802|nkalmar
802|asfgit
802|eolivelli
802|anmolnar
803|meszibalu
803|anmolnar
803|nkalmar
803|tamaashu
804|anmolnar
804|ivmaykov
805|eolivelli
805|anmolnar
806|eolivelli
806|asfgit
806|anmolnar
806|nkalmar
807|TisonKun
807|anmolnar
808|eolivelli
808|anmolnar
809|ivmaykov
809|anmolnar
809|normanmaurer
809|eolivelli
810|ivmaykov
810|normanmaurer
810|anmolnar
811|TisonKun
811|anmolnar
812|TisonKun
812|anmolnar
813|nkalmar
813|eolivelli
813|anmolnar
814|nkalmar
814|anmolnar
815|eolivelli
815|anmolnar
816|ivmaykov
816|anmolnar
816|eolivelli
817|anmolnar
817|eolivelli
817|nkalmar
818|anmolnar
818|nkalmar
819|ivmaykov
819|eolivelli
819|anmolnar
820|ivmaykov
820|anmolnar
820|eolivelli
821|anmolnar
821|eolivelli
821|nkalmar
822|maoling
822|enixon
822|anmolnar
823|maoling
823|anmolnar
823|phunt
823|eolivelli
823|belugabehr
824|anmolnar
824|eolivelli
825|maoling
825|eolivelli
825|anmolnar
826|anmolnar
826|ivmaykov
826|nkalmar
826|phunt
826|lvfangmin
827|anmolnar
827|nkalmar
828|nkalmar
828|anmolnar
828|phunt
828|eolivelli
829|eolivelli
829|anmolnar
830|eolivelli
830|anmolnar
831|ccma14
831|enixon
831|phunt
831|anmolnar
831|eolivelli
832|maoling
832|anmolnar
832|phunt
832|Randgalt
832|lvfangmin
832|eolivelli
833|maoling
833|anmolnar
833|phunt
833|lvfangmin
833|eolivelli
834|mookid8000
834|eolivelli
834|anmolnar
834|lvfangmin
835|anmolnar
835|phunt
835|nkalmar
835|eolivelli
836|anmolnar
836|phunt
836|nkalmar
837|nicolasguyomar
837|phunt
837|anmolnar
838|meszibalu
838|anmolnar
838|Randgalt
839|TisonKun
839|maoling
839|eolivelli
839|anmolnar
840|eolivelli
840|jhuan31
840|lvfangmin
840|enixon
840|1151thehawk
841|anmolnar
841|tamaashu
841|eolivelli
842|lwjli
842|anmolnar
843|lvfangmin
843|enixon
843|anmolnar
843|eolivelli
844|athanatos
844|phunt
845|smg247
845|tamaashu
845|anmolnar
845|tnewman16
845|okidailthief
846|eolivelli
846|anmolnar
846|phunt
847|eolivelli
847|nkalmar
847|phunt
848|lvfangmin
848|anmolnar
849|jhuan31
849|lvfangmin
849|anmolnar
849|eolivelli
850|jhuan31
850|eolivelli
850|lvfangmin
850|anmolnar
851|enixon
851|lvfangmin
851|eolivelli
852|eolivelli
852|phunt
853|jhuan31
853|lvfangmin
853|anmolnar
853|belugabehr
853|eolivelli
854|eolivelli
854|anmolnar
854|lvfangmin
854|enixon
854|jhuan31
854|maoling
855|jhuan31
855|anmolnar
855|eolivelli
856|jhuan31
856|lvfangmin
856|eolivelli
857|amichair
857|phunt
857|eolivelli
858|jhuan31
858|eolivelli
858|lvfangmin
858|anmolnar
859|jhuan31
859|lvfangmin
859|anmolnar
859|eolivelli
860|jhuan31
860|anmolnar
860|eolivelli
861|jhuan31
861|lvfangmin
861|eolivelli
862|jhuan31
862|lvfangmin
862|anmolnar
862|eolivelli
863|Lagrang
863|maoling
863|enixon
863|eolivelli
863|nkalmar
863|anmolnar
864|ZWShuai91
864|phunt
865|kshvakov
865|maoling
865|eolivelli
865|anmolnar
866|ZWShuai91
866|tamaashu
866|maoling
867|enixon
867|lvfangmin
867|eolivelli
868|maoling
868|eolivelli
868|anmolnar
869|belugabehr
869|enixon
869|eolivelli
869|lvfangmin
870|belugabehr
870|anmolnar
870|enixon
870|eolivelli
870|maoling
871|mattc41190
871|eolivelli
872|mattc41190
872|lvfangmin
873|mattc41190
874|mattc41190
875|mattc41190
875|maoling
876|belugabehr
876|jhuan31
876|anmolnar
876|enixon
877|belugabehr
877|anmolnar
878|belugabehr
878|maoling
878|anmolnar
878|lvfangmin
878|nkalmar
879|mattc41190
879|anmolnar
879|lvfangmin
879|eolivelli
879|maoling
880|belugabehr
880|enixon
880|lvfangmin
880|anmolnar
880|eolivelli
881|belugabehr
881|enixon
881|anmolnar
882|belugabehr
882|tamaashu
882|maoling
882|anmolnar
882|eolivelli
882|enixon
883|maoling
883|anmolnar
883|nkalmar
884|stevenjm
884|anmolnar
884|eolivelli
884|maoling
885|nkalmar
885|anmolnar
885|eolivelli
886|nkalmar
886|anmolnar
887|nkalmar
887|eolivelli
888|belugabehr
888|anmolnar
888|maoling
888|hanm
889|eolivelli
889|nkalmar
889|anmolnar
890|nkalmar
890|anmolnar
890|eolivelli
891|meszibalu
891|anmolnar
892|nkalmar
892|eolivelli
893|nkalmar
893|eolivelli
893|anmolnar
894|belugabehr
894|maoling
894|anmolnar
895|enixon
895|lvfangmin
895|eolivelli
896|marathom
896|hanm
896|afine
896|jeffwidman
896|upangit
896|eribeiro
896|abhi-kr
896|kkakarla
896|packysauce
896|arshadmohammad
896|bensherman
896|asdf2014
896|brahmareddybattula
896|pyx1990
896|andschwa
896|shralex
896|ykunda
896|manojmallela
896|maoling
896|nikhilbhide
896|tamaashu
896|anmolnar
896|phunt
896|javicacheiro
896|cdonati
896|fr0stbyte
896|jorgheymans
896|alexbb
896|qihongxu
896|achimbab
896|asutosh936
896|elyograg
896|sel-fish
896|dforsyth
896|proller
896|nkalmar
896|Randgalt
896|lavacat
896|timothyjward
896|yisong-yue
896|abhishek-chouhan
896|sl4mmy
896|cpoerschke
896|Reidddddd
896|ivmaykov
896|lvfangmin
896|coheigea
896|stanlyDoge
896|lwjli
896|yaojingguo
896|eolivelli
896|TisonKun
896|meszibalu
896|nicolasguyomar
896|amichair
897|nkalmar
897|anmolnar
897|eolivelli
898|enixon
898|anmolnar
898|eolivelli
899|enixon
899|lvfangmin
899|anmolnar
899|eolivelli
899|szepet
900|nkalmar
900|anmolnar
901|nkalmar
902|belugabehr
902|nkalmar
902|eolivelli
903|belugabehr
903|anmolnar
903|nkalmar
904|nkalmar
904|eolivelli
904|anmolnar
905|enixon
905|lvfangmin
905|eolivelli
905|nkalmar
905|anmolnar
905|hanm
906|hextriclosan
906|maoling
906|eolivelli
906|anmolnar
907|nkalmar
907|anmolnar
907|eolivelli
908|nkalmar
908|anmolnar
909|eolivelli
909|anmolnar
909|nkalmar
910|eolivelli
910|maoling
910|anmolnar
910|nkalmar
911|belugabehr
911|nkalmar
911|eolivelli
912|belugabehr
912|anmolnar
912|eolivelli
912|nkalmar
913|maoling
913|anmolnar
913|szepet
913|eolivelli
914|TisonKun
914|anmolnar
914|lvfangmin
914|maoling
915|TisonKun
915|maoling
915|eolivelli
915|lvfangmin
915|anmolnar
916|nkalmar
916|eolivelli
916|anmolnar
917|maoling
917|enixon
917|hanm
918|eolivelli
918|enixon
918|lvfangmin
918|nkalmar
919|lvfangmin
919|normanmaurer
919|eolivelli
919|anmolnar
920|nkalmar
920|anmolnar
921|isharryf
921|maoling
922|szepet
922|lvfangmin
922|anmolnar
922|stickyhipp
922|eolivelli
923|szepet
923|maoling
923|anmolnar
923|elireisman
923|eolivelli
923|nkalmar
924|ericlee123
924|anmolnar
924|enixon
924|eolivelli
924|lvfangmin
925|eolivelli
925|anmolnar
925|tamaashu
925|nkalmar
926|eolivelli
926|anmolnar
927|eolivelli
927|brian-brazil
928|anmolnar
928|nkalmar
928|eolivelli
929|szepet
929|lvfangmin
929|anmolnar
930|maoling
930|szepet
930|anmolnar
930|eolivelli
931|kabike
931|maoling
931|anmolnar
931|hanm
932|enixon
932|lvfangmin
932|eolivelli
933|jhuan31
933|lvfangmin
933|anmolnar
933|eolivelli
934|maoling
934|anmolnar
934|eolivelli
934|ztzg
935|belugabehr
935|anmolnar
935|maoling
936|maoling
936|anmolnar
937|jhuan31
937|eolivelli
937|anmolnar
938|maoling
938|anmolnar
939|enixon
939|eolivelli
939|hanm
940|enixon
940|eolivelli
940|anmolnar
940|maoling
940|hanm
941|bd2019us
941|anmolnar
941|eolivelli
942|maoling
943|noarter
943|anmolnar
944|enixon
944|eolivelli
944|anmolnar
944|hanm
945|JiriOndrusek
945|anmolnar
945|eolivelli
945|nkalmar
945|grgrzybek
945|oscerd
946|JiriOndrusek
946|nkalmar
946|anmolnar
946|eolivelli
947|enixon
947|nkalmar
947|eolivelli
948|enixon
948|maoling
948|anmolnar
948|eolivelli
948|lvfangmin
949|enixon
949|eolivelli
949|anmolnar
950|anmolnar
950|eolivelli
950|nkalmar
951|maoling
952|eolivelli
952|lvfangmin
952|anmolnar
953|vladimirivic
953|lvfangmin
953|eolivelli
953|hanm
953|enixon
953|anmolnar
954|anmolnar
954|eolivelli
955|eolivelli
955|anmolnar
955|nkalmar
956|hanm
956|eolivelli
956|nkalmar
957|jhuan31
957|eolivelli
957|nkalmar
958|enixon
958|eolivelli
958|hanm
958|anmolnar
959|szepet
959|anmolnar
959|lvfangmin
959|stickyhipp
959|eolivelli
960|ashashwat
960|enixon
960|nkalmar
960|maoling
960|hanm
960|eolivelli
961|anmolnar
961|eolivelli
961|nkalmar
961|enixon
962|phunt
962|eolivelli
962|nkalmar
963|lfrancke
963|enixon
963|anmolnar
963|eolivelli
964|lfrancke
964|anmolnar
965|eolivelli
965|nkalmar
966|GavinAlison
966|maoling
966|hanm
966|afine
966|jeffwidman
966|upangit
966|eribeiro
966|abhi-kr
966|kkakarla
966|packysauce
966|arshadmohammad
966|bensherman
966|asdf2014
966|brahmareddybattula
966|pyx1990
966|andschwa
966|shralex
966|ykunda
966|manojmallela
966|nikhilbhide
966|tamaashu
966|anmolnar
966|phunt
966|javicacheiro
966|cdonati
966|fr0stbyte
966|jorgheymans
966|alexbb
966|qihongxu
966|achimbab
966|asutosh936
966|elyograg
966|sel-fish
966|dforsyth
966|proller
966|nkalmar
966|Randgalt
966|lavacat
966|timothyjward
966|yisong-yue
966|abhishek-chouhan
966|sl4mmy
966|cpoerschke
966|Reidddddd
966|ivmaykov
966|lvfangmin
966|coheigea
966|stanlyDoge
966|lwjli
966|yaojingguo
966|eolivelli
966|TisonKun
966|meszibalu
966|nicolasguyomar
966|amichair
967|hanm
967|enixon
967|eolivelli
967|nkalmar
968|Geker
968|maoling
968|eolivelli
968|hanm
969|hanm
969|lvfangmin
969|eolivelli
970|suhasdantkale
970|enixon
970|anmolnar
970|LighthouseJ
970|roodkcab
970|phunt
971|hanm
971|maoling
971|eolivelli
971|anmolnar
972|enixon
972|hanm
973|suhasdantkale
973|eolivelli
973|nkalmar
973|meszibalu
974|maoling
974|eolivelli
974|anmolnar
974|nkalmar
975|maoling
975|anmolnar
975|eolivelli
976|maoling
976|hanm
976|anmolnar
977|eolivelli
977|maoling
977|enixon
977|nkalmar
978|enixon
978|hanm
978|eolivelli
979|stickyhipp
979|maoling
979|szepet
980|maoling
980|eolivelli
980|szepet
980|phunt
980|anmolnar
980|nkalmar
981|maoling
981|eolivelli
982|jbequinn
982|enixon
982|anmolnar
982|lvfangmin
982|sonymoon
982|eolivelli
983|TisonKun
983|eolivelli
983|anmolnar
983|maoling
984|hanm
984|eolivelli
984|anmolnar
984|mayawang
984|maoling
984|lvfangmin
985|eolivelli
986|jhuan31
986|asfgit
986|eolivelli
986|hanm
986|jtuple
987|maoling
988|leesf
988|maoling
988|anmolnar
988|eolivelli
989|hanm
989|eolivelli
990|suhasdantkale
990|phunt
990|anmolnar
991|phunt
991|eolivelli
991|nkalmar
992|maoling
992|anmolnar
993|eolivelli
993|phunt
993|anmolnar
993|symat
993|nkalmar
994|gmcatsf
994|maoling
994|hanm
994|lvfangmin
994|anmolnar
994|asf-ci
994|eolivelli
995|jhuan31
995|mayawang
995|hanm
995|eolivelli
995|lvfangmin
996|enixon
996|nkalmar
996|anmolnar
996|hanm
996|eolivelli
997|hanm
997|enixon
997|maoling
997|eolivelli
998|eolivelli
998|nkalmar
998|hanm
998|anmolnar
999|xoiss
999|anmolnar
999|hanm
999|enixon
999|eolivelli
1000|xoiss
1000|eolivelli
1000|enixon
1000|hanm
1001|eolivelli
1001|phunt
1002|jorgheymans
1002|maoling
1003|ivanyu
1003|enixon
1003|dineshappavoo
1003|eolivelli
1003|anmolnar
1004|jhalterman
1004|nkalmar
1004|maoling
1005|eolivelli
1005|nkalmar
1006|TisonKun
1006|eolivelli
1006|maoling
1007|hanm
1007|eolivelli
1007|lvfangmin
1008|maoling
1008|eolivelli
1008|anmolnar
1009|jorgheymans
1009|maoling
1009|nkalmar
1010|maoling
1010|anmolnar
1010|Randgalt
1010|asf-ci
1010|eolivelli
1011|maoling
1012|enixon
1012|nkalmar
1012|eolivelli
1013|phunt
1014|phunt
1014|eolivelli
1015|anmolnar
1015|nkalmar
1015|eolivelli
1015|maoling
1016|anmolnar
1016|eolivelli
1016|nkalmar
1017|kaixinbaba
1017|eolivelli
1017|maoling
1017|lvfangmin
1018|anmolnar
1018|nkalmar
1018|eolivelli
1019|maoling
1019|eolivelli
1019|TisonKun
1020|asutosh936
1020|nkalmar
1021|finefuture
1021|maoling
1021|nkalmar
1021|anmolnar
1022|TisonKun
1022|eolivelli
1023|TisonKun
1023|eolivelli
1023|nkalmar
1024|maoling
1024|eolivelli
1024|anmolnar
1025|lvfangmin
1025|eolivelli
1025|hanm
1025|anmolnar
1025|dineshappavoo
1026|lvfangmin
1026|hanm
1027|lvfangmin
1027|nkalmar
1027|eolivelli
1027|anmolnar
1028|TisonKun
1028|eolivelli
1028|dineshappavoo
1028|nkalmar
1028|maoling
1029|symat
1029|eolivelli
1029|anmolnar
1030|xoiss
1030|hanm
1030|anmolnar
1031|insumity
1031|hanm
1031|lvfangmin
1032|enixon
1032|maoling
1032|dineshappavoo
1032|hanm
1033|Lagrang
1033|anmolnar
1033|nkalmar
1034|vladimirivic
1034|eolivelli
1034|hanm
1034|anmolnar
1034|sonymoon
1035|lvfangmin
1035|maoling
1035|nkalmar
1035|eolivelli
1035|hanm
1036|maoling
1036|dineshappavoo
1037|jhuan31
1037|anmolnar
1037|hanm
1037|eolivelli
1038|jhuan31
1038|maoling
1038|nkalmar
1039|nkalmar
1039|dineshappavoo
1039|yunwan
1039|eolivelli
1039|hanm
1039|tamaashu
1040|symat
1040|maoling
1040|anmolnar
1040|eolivelli
1041|nkalmar
1041|anmolnar
1042|yisong-yue
1042|maoling
1042|hanm
1043|TisonKun
1043|dineshappavoo
1043|anmolnar
1043|eolivelli
1044|maoling
1045|maoling
1045|enixon
1045|anmolnar
1045|eolivelli
1045|jhuan31
1046|haojiawei111
1046|maoling
1046|nkalmar
1047|lvfangmin
1047|hanm
1047|eolivelli
1048|symat
1048|anmolnar
1048|hanm
1048|tdunning
1048|eolivelli
1048|asf-ci
1048|enixon
1049|TisonKun
1049|maoling
1049|eolivelli
1049|enixon
1049|nkalmar
1049|hanm
1050|maoling
1050|nkalmar
1050|eolivelli
1051|jhuan31
1051|hanm
1051|nkalmar
1051|jtuple
1052|maoling
1052|enixon
1052|anmolnar
1052|eolivelli
1053|Lagrang
1053|anmolnar
1053|eolivelli
1054|ztzg
1054|eolivelli
1054|ceache
1055|ztzg
1055|eolivelli
1055|nkalmar
1056|symat
1056|eolivelli
1056|anmolnar
1056|lvfangmin
1057|maoling
1057|nkalmar
1057|lvfangmin
1057|eolivelli
1058|maoling
1059|lvfangmin
1059|hanm
1059|maoling
1059|asf-ci
1059|eolivelli
1059|anmolnar
1060|TisonKun
1060|eolivelli
1060|nkalmar
1061|phunt
1061|eolivelli
1062|phunt
1062|eolivelli
1062|maoling
1063|insumity
1063|hanm
1063|shralex
1063|maoling
1064|TisonKun
1064|eolivelli
1064|nkalmar
1064|hanm
1065|maoling
1065|anmolnar
1066|ztzg
1066|anmolnar
1066|eolivelli
1067|jooohhn
1067|hanm
1067|TisonKun
1068|ztzg
1068|enixon
1069|hanm
1069|eolivelli
1069|enixon
1070|TisonKun
1070|eolivelli
1070|hanm
1071|KangZhiDong
1071|eolivelli
1071|maoling
1072|hanm
1072|eolivelli
1073|maoling
1073|hanm
1073|sauravhaloi
1073|eolivelli
1074|symat
1074|eolivelli
1075|eolivelli
1075|maoling
1075|hanm
1076|srikanth-viswanathan
1076|maoling
1076|hanm
1077|mcfatealan
1077|maoling
1077|lvfangmin
1077|anmolnar
1078|symat
1078|eolivelli
1078|nkalmar
1078|anmolnar
1079|maoling
1079|enixon
1079|anmolnar
1080|arshadmohammad
1080|eolivelli
1080|hanm
1080|lvfangmin
1081|insumity
1081|enixon
1081|hanm
1081|lvfangmin
1082|eolivelli
1082|nkalmar
1083|lvfangmin
1083|eolivelli
1084|ajingxian200
1084|TisonKun
1084|nkalmar
1084|eolivelli
1084|belugabehr
1084|xiaodongHu1
1085|lvfangmin
1085|eolivelli
1085|anmolnar
1086|eolivelli
1086|hanm
1086|lvfangmin
1087|eolivelli
1088|eolivelli
1088|nkalmar
1088|lvfangmin
1089|vladimirivic
1089|anmolnar
1089|maoling
1089|eolivelli
1090|eolivelli
1090|nkalmar
1091|swallez
1091|maoling
1091|TisonKun
1091|Randgalt
1091|henrikno
1091|nkalmar
1091|eolivelli
1092|hanm
1092|nkalmar
1092|maoling
1092|TisonKun
1093|eolivelli
1093|nkalmar
1094|symat
1094|anmolnar
1094|nkalmar
1095|TisonKun
1095|maoling
1095|hanm
1095|eolivelli
1095|asf-ci
1095|Randgalt
1096|arshadmohammad
1096|eolivelli
1096|hanm
1097|coheigea
1097|maoling
1097|eolivelli
1097|nkalmar
1098|hanm
1098|enixon
1098|maoling
1098|anmolnar
1098|eolivelli
1099|sujithsimon22
1099|arshadmohammad
1099|enixon
1099|eolivelli
1100|TisonKun
1100|enixon
1100|anmolnar
1101|arshadmohammad
1101|hanm
1102|phunt
1102|eolivelli
1102|nkalmar
1102|enixon
1103|phunt
1103|nkalmar
1103|enixon
1103|eolivelli
1104|sujithsimon22
1104|arshadmohammad
1105|arshadmohammad
1105|anmolnar
1105|eolivelli
1106|Randgalt
1106|eolivelli
1106|TisonKun
1106|anmolnar
1106|maoling
1106|eribeiro
1106|nkalmar
1107|symat
1107|suhasdantkale
1107|anmolnar
1107|ztzg
1108|sujithsimon22
1108|maoling
1108|arshadmohammad
1108|eolivelli
1108|eribeiro
1108|enixon
1109|sujithsimon22
1109|eolivelli
1109|lvfangmin
1109|anmolnar
1110|sujithsimon22
1110|enixon
1111|eolivelli
1111|anmolnar
1112|TisonKun
1112|eolivelli
1112|anmolnar
1113|symat
1113|anmolnar
1113|nkalmar
1114|iamgd67
1114|eolivelli
1115|jhuan31
1115|asf-ci
1115|lvfangmin
1115|eolivelli
1116|jhuan31
1116|maoling
1116|eolivelli
1116|lvfangmin
1116|hanm
1116|asf-ci
1117|enixon
1118|cyxpdc
1118|maoling
1118|anmolnar
1118|eolivelli
1119|TisonKun
1120|TisonKun
1120|maoling
1120|anmolnar
1120|eolivelli
1121|symat
1121|asf-ci
1121|anmolnar
1122|maoling
1122|anmolnar
1122|asf-ci
1123|yfxhust
1123|maoling
1123|eolivelli
1123|anmolnar
1123|lvfangmin
1124|aristotelhs
1124|eolivelli
1124|anmolnar
1125|maoling
1125|asf-ci
1125|jhuan31
1126|maoling
1126|anmolnar
1126|eolivelli
1127|yfxhust
1127|rgs1
1127|cnauroth
1127|rakeshadr
1127|phunt
1127|skamille
1127|fpj
1127|eribeiro
1127|afine
1127|hanm
1127|ronin13
1127|tedyu
1127|arshadmohammad
1127|tmancill
1127|eolivelli
1127|jeffwidman
1127|bensherman
1127|gosubpl
1127|brahmareddybattula
1127|pyx1990
1127|andschwa
1127|tschuettel
1127|ykunda
1127|manojmallela
1127|maoling
1127|nikhilbhide
1127|tamaashu
1127|anmolnar
1127|javicacheiro
1127|cdonati
1127|jorgheymans
1127|alexbb
1127|achimbab
1127|asutosh936
1127|elyograg
1127|shralex
1127|nkalmar
1127|lavacat
1127|sl4mmy
1127|lujiefsi
1127|cpoerschke
1127|stanlyDoge
1127|yaojingguo
1127|nicolasguyomar
1127|amichair
1127|lordofkey
1127|JiriOndrusek
1127|xoiss
1128|yaojingguo
1128|maoling
1129|maoling
1129|enixon
1129|eolivelli
1130|lvfangmin
1130|eolivelli
1130|hanm
1131|ztzg
1131|symat
1131|anmolnar
1131|asf-ci
1131|nkalmar
1131|eolivelli
1132|Randgalt
1132|anmolnar
1132|eolivelli
1133|arshadmohammad
1133|anmolnar
1133|eolivelli
1134|ztzg
1134|asf-ci
1134|symat
1135|maoling
1135|anmolnar
1136|maoling
1136|enixon
1136|lvfangmin
1137|maoling
1138|Randgalt
1138|maoling
1138|eolivelli
1138|lvfangmin
1138|swallez
1139|eolivelli
1139|nkalmar
1139|TisonKun
1140|twotwo7
1140|eolivelli
1140|anmolnar
1141|chia7712
1141|eolivelli
1141|maoling
1141|anmolnar
1141|lvfangmin
1142|ZWShuai91
1142|jhuan31
1142|maoling
1142|anmolnar
1142|eolivelli
1143|anmolnar
1143|eolivelli
1143|lvfangmin
1144|ericlee123
1144|asf-ci
1144|maoling
1144|eolivelli
1144|anmolnar
1145|arshadmohammad
1145|maoling
1145|asf-ci
1145|anmolnar
1146|yaojingguo
1146|lvfangmin
1146|enixon
1146|eolivelli
1146|maoling
1147|eolivelli
1147|anmolnar
1148|maoling
1149|maoling
1149|Randgalt
1149|asf-ci
1149|boromee
1150|coheigea
1150|anmolnar
1150|eolivelli
1151|eolivelli
1151|asf-ci
1152|eolivelli
1152|asf-ci
1153|eolivelli
1153|asf-ci
1154|eolivelli
1154|asf-ci
1155|eolivelli
1155|asf-ci
1156|Prabhjot-jatt
1156|asf-ci
1156|anmolnar
1156|skamille
1156|phunt
1156|henryr
1156|skye
1156|grchanan
1156|fpj
1156|rkanter
1156|cloudera-hudson
1156|hongchaodeng
1156|misha-cloudera
1156|hanm
1156|afine
1156|rgs1
1156|rakeshadr
1156|nkalmar
1156|cnauroth
1156|maoling
1156|bensherman
1157|coheigea
1157|asf-ci
1157|eolivelli
1157|anmolnar
1158|Randgalt
1158|asf-ci
1158|eolivelli
1158|lvfangmin
1159|symat
1159|asf-ci
1159|eolivelli
1159|nkalmar
1159|ztzg
1160|anmolnar
1160|eolivelli
1160|meszibalu
1160|sl4mmy
1161|symat
1161|asf-ci
1161|eolivelli
1161|nkalmar
1161|anmolnar
1162|eolivelli
1162|asf-ci
1162|nkalmar
1163|maoling
1163|asf-ci
1163|eolivelli
1163|anmolnar
1163|nkalmar
1164|KimRasak
1164|maoling
1164|symat
1164|anmolnar
1164|eolivelli
1164|worstprogrammerCN
1165|coheigea
1165|asf-ci
1165|anmolnar
1165|eolivelli
1165|maoling
1166|sangitanalkar
1166|asf-ci
1166|eolivelli
1166|anmolnar
1167|KimRasak
1167|asf-ci
1167|maoling
1167|anmolnar
1167|lvfangmin
1167|worstprogrammerCN
1168|xy24
1168|asf-ci
1168|maoling
1168|eolivelli
1168|anmolnar
1169|ztzg
1169|asf-ci
1169|symat
1169|eolivelli
1169|nkalmar
1170|symat
1170|asf-ci
1170|eolivelli
1171|ravowlga123
1171|asf-ci
1171|anmolnar
1171|phunt
1171|HorizonNet
1171|eolivelli
1171|maoling
1172|vladimirivic
1172|asf-ci
1172|hanm
1173|ztzg
1173|asf-ci
1173|symat
1173|anmolnar
1174|anmolnar
1174|asf-ci
1174|symat
1175|ravowlga123
1175|asf-ci
1175|anmolnar
1175|eolivelli
1175|HorizonNet
1175|maoling
1176|symat
1176|asf-ci
1176|anmolnar
1176|suhasdantkale
1177|hanm
1177|asf-ci
1177|eolivelli
1177|ijuma
1178|hanm
1178|asf-ci
1178|eolivelli
1179|ravowlga123
1179|asf-ci
1179|HorizonNet
1179|eolivelli
1179|maoling
1180|ravowlga123
1180|asf-ci
1180|maoling
1180|anmolnar
1180|HorizonNet
1181|ravowlga123
1181|asf-ci
1181|maoling
1182|hanm
1182|asf-ci
1182|eolivelli
1182|ijuma
1182|anmolnar
1183|ravowlga123
1183|asf-ci
1183|anmolnar
1183|HorizonNet
1183|eolivelli
1183|maoling
1184|symat
1184|asf-ci
1184|eolivelli
1184|nkalmar
1185|sujithsimon22
1185|asf-ci
1185|arshadmohammad
1185|eolivelli
1186|ztzg
1186|asf-ci
1186|anmolnar
1187|ravowlga123
1187|asf-ci
1187|HorizonNet
1187|eolivelli
1187|maoling
1188|kishorvpatil
1188|maoling
1189|hammerlefb
1189|asf-ci
1189|hanm
1189|lvfangmin
1190|sujithsimon22
1190|asf-ci
1190|lvfangmin
1190|arshadmohammad
1190|maoling
1191|lvfangmin
1191|asf-ci
1191|hanm
1192|belugabehr
1192|maoling
1192|jhuan31
1193|belugabehr
1193|maoling
1193|eolivelli
1194|ravowlga123
1194|HorizonNet
1194|maoling
1195|wordfeng
1195|eolivelli
1195|maoling
1196|eolivelli
1196|asf-ci
1196|anmolnar
1197|belugabehr
1197|maoling
1198|belugabehr
1198|eolivelli
1198|maoling
1199|belugabehr
1199|jhuan31
1199|maoling
1200|nishanth-entoor
1200|HorizonNet
1200|eolivelli
1200|maoling
1201|coheigea
1201|anmolnar
1201|eolivelli
1202|belugabehr
1202|ztzg
1203|belugabehr
1203|ztzg
1203|maoling
1204|symat
1204|eolivelli
1204|anmolnar
1205|symat
1205|eolivelli
1206|belugabehr
1206|maoling
1207|belugabehr
1207|eolivelli
1208|belugabehr
1208|maoling
1208|anmolnar
1209|eolivelli
1209|phunt
1210|jhuan31
1211|jhuan31
1211|ztzg
1211|nedelchev
1212|wangfengqi2010
1212|symat
1212|arshadmohammad
1212|chia7712
1212|maoling
1212|sujithsimon22
1212|ravowlga123
1212|hanm
1212|lvfangmin
1212|ZWShuai91
1212|ztzg
1212|coheigea
1212|hammerlefb
1212|sangitanalkar
1213|belugabehr
1213|eolivelli
