pull_number|author_login
1|tteats
2|ewhauser
3|kumagi
4|junjihashimoto
5|nileader
6|nileader
7|maplebed
8|mnikhil-git
9|maplebed
10|gaul
11|ralph-tice
12|kouchengkun
13|sslavic
14|sslavic
15|mordyovits
16|brianv0
17|jbgeorg
18|xiaolige945
19|tillt
20|marvingreenberg
21|marvingreenberg
22|yuchao86
23|yuchao86
24|wangjinjing
25|youngwan657
26|zzcoder
27|wilsonwen
28|Randgalt
29|Randgalt
30|rgs1
31|shayhatsor
32|wesc
33|Randgalt
34|Randgalt
35|leoricxu
36|sugartxy
37|yongtang
38|rgs1
39|rakeshadr
40|Anvil
41|YvonneIronberg
42|artasano
43|ch3lo
44|Ormod
45|eribeiro
46|eribeiro
47|
48|timothyjward
49|rakeshadr
50|mprimi
51|ThomasLau
52|arshadmohammad
53|qayshp
54|qayshp
55|ollie314
56|itayB
57|ceefour
58|shinya1020
59|arshadmohammad
60|karanmarjara
61|poponiv
62|kennylbj
63|gnuhpc
64|beiske
65|rakeshadr
66|ralic
67|buptUnixGuys
68|ealter
69|Felix-Pobaby
70|vespian
71|qiaohaijun
72|geek101
73|fz23z
74|ykgarfield
75|nddipiazza
76|eolivelli
77|eribeiro
78|
79|qingmo
80|Bjorn248
81|mowinckel
82|Randgalt
83|gnethercutt
84|Randgalt
85|eribeiro
86|
87|tmancill
88|hanm
89|hanm
90|breed
91|hanm
92|hanm
93|hanm
94|hanm
95|fpj
96|hanm
97|fpj
98|rakeshadr
99|yufeldman
100|hanm
101|rakeshadr
102|hanm
103|eribeiro
104|fpj
105|ArneBachmann
106|hanm
107|benjiazhen
108|rakeshadr
109|rakeshadr
110|ronin13
111|abhishekrai
112|arshadmohammad
113|arshadmohammad
114|hanm
115|hanm
116|eolivelli
117|breed
118|hanm
119|arshadmohammad
120|enixon
121|rakeshadr
122|Randgalt
123|eribeiro
124|eribeiro
125|eribeiro
126|eribeiro
127|fpj
128|fpj
129|mosuka
130|rakeshadr
131|rakeshadr
132|rakeshadr
133|rakeshadr
134|rakeshadr
135|rakeshadr
136|Randgalt
137|eribeiro
138|eribeiro
139|lester015
140|hanm
141|mowinckel
142|afine
143|afine
144|hanm
145|rakeshadr
146|Shonminh
147|hanm
148|praste
149|tedyu
150|fpj
151|Randgalt
152|Randgalt
153|rakeshadr
154|hanm
155|eribeiro
156|hanm
157|revans2
158|revans2
159|revans2
160|arshadmohammad
161|arshadmohammad
162|arshadmohammad
163|arshadmohammad
164|arshadmohammad
165|eolivelli
166|yvf
167|nerdyyatrice
168|hanm
169|hanm
170|rakeshadr
171|afine
172|jiafujiang
173|jiafujiang
174|eribeiro
175|arshadmohammad
176|arshadmohammad
177|afine
178|afine
179|hanm
180|flier
181|afine
182|joshelser
183|hanm
184|afine
185|geek101
186|joshelser
187|hanm
188|geek101
189|MichelleTPY
190|hanm
191|hanm
192|Randgalt
193|Randgalt
194|hanm
195|enixon
196|knusbaum
197|knusbaum
198|knusbaum
199|geek101
200|rakeshadr
201|hanm
202|hanm
203|hanm
204|not-for-me
205|vincentpoon
206|dengyunlong
207|hanm
208|eribeiro
209|vincentpoon
210|jeffwidman
211|hanm
212|mjaow
213|hanm
214|afine
215|mprimi
216|afine
217|afine
218|afine
219|afine
220|afine
221|afine
222|eolivelli
223|upangit
224|hanm
225|xingkudu
226|tianrobin
227|eolivelli
228|jeffwidman
229|afine
230|guyuqi
231|afine
232|afine
233|afine
234|blahblahbloo
235|hanm
236|afine
237|abhi-kr
238|alburthoffman
239|afine
240|afine
241|eribeiro
242|afine
243|eribeiro
244|dnarasim9
245|afine
246|ramu11
247|hanm
248|Randgalt
249|Randgalt
250|jiafujiang
251|afine
252|eribeiro
253|jiafujiang
254|arshadmohammad
255|andschwa
256|abhishek-chouhan
257|asdf2014
258|afine
259|afine
260|afine
261|jiafujiang
262|asdf2014
263|ramu11
264|spectatorwatcher
265|hanm
266|afine
267|packysauce
268|afine
269|jiafujiang
270|afine
271|afine
272|hanm
273|afine
274|bensherman
275|tmancill
276|bensherman
277|afine
278|arshadmohammad
279|jainbhupendra24
280|afine
281|afine
282|revans2
283|asdf2014
284|lvfangmin
285|gosubpl
286|afine
287|afine
288|asdf2014
289|cdavis2
290|asdf2014
291|brahmareddybattula
292|hanm
293|asdf2014
294|asdf2014
295|asdf2014
296|asdf2014
297|asdf2014
298|asdf2014
299|asdf2014
300|afine
301|asdf2014
302|asdf2014
303|asdf2014
304|hanm
305|hanm
306|andschwa
307|karanmehta93
308|maoling
309|thelordpsy
310|lvfangmin
311|andschwa
312|CheneySun
313|andschwa
314|lvfangmin
315|hanm
316|afine
317|afine
318|pyx1990
319|andschwa
320|tschuettel
321|lvfangmin
322|lvfangmin
323|ykunda
324|LionelCons
325|makubi
326|hanm
327|afine
328|shralex
329|afine
330|DanBenediktson
331|lvfangmin
332|Randgalt
333|enixon
334|bitgaoshu
335|andschwa
336|bitgaoshu
337|lvfangmin
338|arshadmohammad
339|maoling
340|afine
341|manojmallela
342|bitgaoshu
343|nikhilbhide
344|bitgaoshu
345|nikhilbhide
346|nikhilbhide
347|nikhilbhide
348|maoling
349|maoling
350|soarpenguin
351|bitgaoshu
352|minseclab
353|lvfangmin
354|tamaashu
355|mfenes
356|bitgaoshu
357|tamaashu
358|xoiss
359|xoiss
360|xoiss
361|asdf2014
362|Ormod
363|xoiss
364|nikhilbhide
365|nikhilbhide
366|nikhilbhide
367|nikhilbhide
368|nikhilbhide
369|nikhilbhide
370|nikhilbhide
371|nikhilbhide
372|nikhilbhide
373|nikhilbhide
374|nikhilbhide
375|mfenes
376|20100507
377|Randgalt
378|Randgalt
379|nikhilbhide
380|Shonminh
381|andschwa
382|andschwa
383|andschwa
384|afine
385|afine
386|proller
387|nikhilbhide
388|likebean
389|tamaashu
390|mfenes
391|mfenes
392|anmolnar
393|anmolnar
394|afine
395|tamaashu
396|afine
397|afine
398|afine
399|tamaashu
400|anmolnar
401|anmolnar
402|anmolnar
403|jiafujiang
404|mfenes
405|mfenes
406|mfenes
407|fr0stbyte
408|jiafujiang
409|anmolnar
410|fr0stbyte
411|kfirlevari
412|anmolnar
413|javicacheiro
414|OuYangLiang
415|anmolnar
416|anmolnar
417|afine
418|sriramch
419|brian-lininger
420|anmolnar
421|cdonati
422|afine
423|abel-von
424|afine
425|alexbb
426|afine
427|fr0stbyte
428|jorgheymans
429|anmolnar
430|anmolnar
431|jorgheymans
432|afine
433|afine
434|afine
435|anmolnar
436|afine
437|afine
438|xiangyq000
439|abhishekrai
440|anmolnar
441|anmolnar
442|MichaelYgZhang
443|mfenes
444|mfenes
445|mfenes
446|maoling
447|lvfangmin
448|kofemann
449|qihongxu
450|mfenes
451|anmolnar
452|maoling
453|revans2
454|revans2
455|revans2
456|JonathanO
457|craz186
458|mfenes
459|mfenes
460|
461|achimbab
462|anmolnar
463|anmolnar
464|maoling
465|JonathanO
466|anmolnar
467|mfenes
468|EronWright
469|mfenes
470|mfenes
471|mfenes
472|luoxn28
473|asutosh936
474|sumitagrawl
475|hamsterready
476|enixon
477|enixon
478|enixon
479|elyograg
480|cxxjava
481|cxxjava
482|asutosh936
483|andschwa
484|andschwa
485|andschwa
486|andschwa
487|anmolnar
488|asutosh936
489|troodes
490|leventov
491|sel-fish
492|sel-fish
493|edwardoliveira
494|brettKK
495|brettKK
496|brettKK
497|anmolnar
499|dforsyth
500|lavacat
501|nkalmar
502|nkalmar
503|lavacat
504|brettKK
505|andschwa
506|anmolnar
507|nkalmar
508|anmolnar
509|anmolnar
510|nkalmar
511|roy2220
512|lavacat
513|EronWright
514|anmolnar
515|anmolnar
516|anmolnar
517|anmolnar
518|anmolnar
519|nkalmar
520|nkalmar
521|lavacat
522|anmolnar
523|lavacat
524|eolivelli
525|lujiefsi
526|phunt
527|phunt
528|anmolnar
529|timothyjward
530|timothyjward
531|timothyjward
532|eolivelli
533|maoling
534|anmolnar
535|DorgenJones
536|phunt
537|phunt
538|lavacat
539|narahari92
540|timelapsewithinlive
541|abhishek-chouhan
542|mjeelanimsft
543|yisong-yue
544|lujiefsi
545|anmolnar
546|eolivelli
547|enixon
548|mjeelanimsft
549|nkalmar
550|nkalmar
551|nkalmar
552|nkalmar
553|xiaoed
554|cpoerschke
555|cpoerschke
556|maoling
557|sl4mmy
558|sl4mmy
559|sl4mmy
560|enixon
561|enixon
562|lvfangmin
563|bothejjms
564|nkalmar
565|jpeach
566|cpoerschke
567|suyogmapara
568|hanm
569|nkalmar
570|lavacat
571|lavacat
572|nkalmar
573|xiaoed
574|nkalmar
575|sl4mmy
576|lavacat
577|mjeelanimsft
578|lvfangmin
579|mjeelanimsft
580|jtuple
581|sl4mmy
582|eolivelli
583|lvfangmin
584|MichaelScofield
585|lordofkey
586|lordofkey
587|maoling
588|lvfangmin
589|nkalmar
590|lvfangmin
591|lvfangmin
592|PhantomThief
593|lvfangmin
594|lvfangmin
595|lvfangmin
596|tywe
597|nkalmar
598|eolivelli
599|nkalmar
600|nkalmar
601|eolivelli
602|nkalmar
603|nkalmar
604|jeremywangjun
605|lvfangmin
606|lvfangmin
607|lavacat
608|maoling
609|nkalmar
610|lvfangmin
611|wangchaod
612|lvfangmin
613|maoling
614|eolivelli
615|enixon
616|nkalmar
617|nkalmar
618|maoling
619|enixon
620|yisong-yue
621|lvfangmin
622|lvfangmin
623|lvfangmin
624|maoling
625|roodkcab
626|eolivelli
627|ivmaykov
628|enixon
629|maoling
630|maoling
631|lvfangmin
632|lvfangmin
633|nkalmar
634|hanm
635|hanm
636|eolivelli
637|eolivelli
638|eolivelli
639|roodkcab
640|eolivelli
641|eolivelli
642|hanm
643|tamaashu
644|tamaashu
645|tamaashu
646|roodkcab
647|lvfangmin
648|revans2
649|yisong-yue
650|Reidddddd
651|anmolnar
652|revans2
653|anmolnar
654|arankin-irl
655|anmolnar
656|nkalmar
657|anmolnar
658|nkalmar
659|anmolnar
660|anmolnar
661|tamaashu
662|andreareale
663|tamaashu
664|tamaashu
665|lvfangmin
666|Reidddddd
667|maoling
668|anmolnar
669|ivmaykov
670|nkalmar
671|tamaashu
672|nkalmar
673|lvfangmin
674|nkalmar
675|nkalmar
676|aajisaka
677|anmolnar
678|ivmaykov
679|ivmaykov
680|ivmaykov
681|ivmaykov
682|anmolnar
683|xfm18901105
684|enixon
685|lvfangmin
686|TyqITstudent
687|TyqITstudent
688|TyqITstudent
689|tumativ
690|yisong-yue
691|eolivelli
692|tamaashu
697|tamaashu
698|tamaashu
699|andreareale
700|anmolnar
701|lvfangmin
702|dineshappavoo
703|lvfangmin
704|TyqITstudent
705|TyqITstudent
706|anmolnar
707|mkedwards
708|nkalmar
709|ivmaykov
710|ivmaykov
711|anmolnar
712|tumativ
713|mkedwards
714|mkedwards
715|mkedwards
716|coheigea
717|mkedwards
718|mkedwards
719|mkedwards
720|TyqITstudent
721|mkedwards
722|lvfangmin
723|mkedwards
724|mkedwards
725|achernatsky
726|akkumar
727|ivmaykov
728|arankin-irl
729|lvfangmin
730|achernatsky
731|lvfangmin
732|stanlyDoge
733|TisonKun
734|tamaashu
735|dineshappavoo
736|eolivelli
737|ivmaykov
738|jhuan31
739|ivmaykov
740|anmolnar
741|nkalmar
742|eolivelli
743|ivmaykov
744|ivmaykov
745|nkalmar
746|eolivelli
747|enixon
748|maoling
749|maoling
750|anmolnar
751|eolivelli
752|coheigea
753|anmolnar
754|anmolnar
755|nkalmar
756|nkalmar
757|coheigea
758|nkalmar
759|nkalmar
760|vivekpatani
761|enixon
762|coheigea
763|eolivelli
764|eolivelli
765|nkalmar
766|nkalmar
767|enixon
768|jhuan31
769|jhuan31
770|enixon
771|jhuan31
772|nkalmar
773|nkalmar
774|nkalmar
775|kevindai007
776|nkalmar
777|yaojingguo
778|anmolnar
779|eolivelli
780|lvfangmin
781|jhuan31
782|lwjli
783|eolivelli
784|joshelser
785|eolivelli
786|maoling
787|athanatos
788|eolivelli
789|enixon
790|maoling
791|eolivelli
792|eolivelli
793|eolivelli
794|eolivelli
795|gzsombor
796|jhuan31
797|gzsombor
798|gzsombor
799|Randgalt
800|jhuan31
801|ArneBachmann
802|nkalmar
803|meszibalu
804|anmolnar
805|eolivelli
806|eolivelli
807|TisonKun
808|eolivelli
809|ivmaykov
810|ivmaykov
811|TisonKun
812|TisonKun
813|nkalmar
814|nkalmar
815|eolivelli
816|ivmaykov
817|anmolnar
818|anmolnar
819|ivmaykov
820|ivmaykov
821|anmolnar
822|maoling
823|maoling
824|anmolnar
825|maoling
826|anmolnar
827|anmolnar
828|nkalmar
829|eolivelli
830|eolivelli
831|ccma14
832|maoling
833|maoling
834|mookid8000
835|anmolnar
836|anmolnar
837|nicolasguyomar
838|meszibalu
839|TisonKun
840|eolivelli
841|anmolnar
842|lwjli
843|lvfangmin
844|athanatos
845|smg247
846|eolivelli
847|eolivelli
848|lvfangmin
849|jhuan31
850|jhuan31
851|enixon
852|eolivelli
853|jhuan31
854|eolivelli
855|jhuan31
856|jhuan31
857|amichair
858|jhuan31
859|jhuan31
860|jhuan31
861|jhuan31
862|jhuan31
863|Lagrang
864|ZWShuai91
865|kshvakov
866|ZWShuai91
867|enixon
868|maoling
869|belugabehr
870|belugabehr
871|mattc41190
872|mattc41190
873|mattc41190
874|mattc41190
875|mattc41190
876|belugabehr
877|belugabehr
878|belugabehr
879|mattc41190
880|belugabehr
881|belugabehr
882|belugabehr
883|maoling
884|stevenjm
885|nkalmar
886|nkalmar
887|nkalmar
888|belugabehr
889|eolivelli
890|nkalmar
891|meszibalu
892|nkalmar
893|nkalmar
894|belugabehr
895|enixon
896|marathom
897|nkalmar
898|enixon
899|enixon
900|nkalmar
901|nkalmar
902|belugabehr
903|belugabehr
904|nkalmar
905|enixon
906|hextriclosan
907|nkalmar
908|nkalmar
909|eolivelli
910|eolivelli
911|belugabehr
912|belugabehr
913|maoling
914|TisonKun
915|TisonKun
916|nkalmar
917|maoling
918|eolivelli
919|lvfangmin
920|nkalmar
921|isharryf
922|szepet
923|szepet
924|ericlee123
925|eolivelli
926|eolivelli
927|eolivelli
928|anmolnar
929|szepet
930|maoling
931|kabike
932|enixon
933|jhuan31
934|maoling
935|belugabehr
936|maoling
937|jhuan31
938|maoling
939|enixon
940|enixon
941|bd2019us
942|maoling
943|noarter
944|enixon
945|JiriOndrusek
946|JiriOndrusek
947|enixon
948|enixon
949|enixon
950|anmolnar
951|maoling
952|eolivelli
953|vladimirivic
954|anmolnar
955|eolivelli
956|hanm
957|jhuan31
958|enixon
959|szepet
960|ashashwat
961|anmolnar
962|phunt
963|lfrancke
964|lfrancke
965|eolivelli
966|GavinAlison
967|hanm
968|Geker
969|hanm
970|suhasdantkale
971|hanm
972|enixon
973|suhasdantkale
974|maoling
975|maoling
976|maoling
977|eolivelli
978|enixon
979|stickyhipp
980|maoling
981|maoling
982|jbequinn
983|TisonKun
984|hanm
985|eolivelli
986|jhuan31
987|maoling
988|leesf
989|hanm
990|suhasdantkale
991|phunt
992|maoling
993|eolivelli
994|gmcatsf
995|jhuan31
996|enixon
997|hanm
998|eolivelli
999|xoiss
1000|xoiss
1001|eolivelli
1002|jorgheymans
1003|ivanyu
1004|jhalterman
1005|eolivelli
1006|TisonKun
1007|hanm
1008|maoling
1009|jorgheymans
1010|maoling
1011|maoling
1012|enixon
1013|phunt
1014|phunt
1015|anmolnar
1016|anmolnar
1017|kaixinbaba
1018|anmolnar
1019|maoling
1020|asutosh936
1021|finefuture
1022|TisonKun
1023|TisonKun
1024|maoling
1025|lvfangmin
1026|lvfangmin
1027|lvfangmin
1028|TisonKun
1029|symat
1030|xoiss
1031|insumity
1032|enixon
1033|Lagrang
1034|vladimirivic
1035|lvfangmin
1036|maoling
1037|jhuan31
1038|jhuan31
1039|nkalmar
1040|symat
1041|nkalmar
1042|yisong-yue
1043|TisonKun
1044|maoling
1045|maoling
1046|haojiawei111
1047|lvfangmin
1048|symat
1049|TisonKun
1050|maoling
1051|jhuan31
1052|maoling
1053|Lagrang
1054|ztzg
1055|ztzg
1056|symat
1057|maoling
1058|maoling
1059|lvfangmin
1060|TisonKun
1061|phunt
1062|phunt
1063|insumity
1064|TisonKun
1065|maoling
1066|ztzg
1067|jooohhn
1068|ztzg
1069|hanm
1070|TisonKun
1071|KangZhiDong
1072|hanm
1073|maoling
1074|symat
1075|eolivelli
1076|srikanth-viswanathan
1077|mcfatealan
1078|symat
1079|maoling
1080|arshadmohammad
1081|insumity
1082|eolivelli
1083|lvfangmin
1084|ajingxian200
1085|lvfangmin
1086|eolivelli
1087|eolivelli
1088|eolivelli
1089|vladimirivic
1090|eolivelli
1091|swallez
1092|hanm
1093|eolivelli
1094|symat
1095|TisonKun
1096|arshadmohammad
1097|coheigea
1098|hanm
1099|sujithsimon22
1100|TisonKun
1101|arshadmohammad
1102|phunt
1103|phunt
1104|sujithsimon22
1105|arshadmohammad
1106|Randgalt
1107|symat
1108|sujithsimon22
1109|sujithsimon22
1110|sujithsimon22
1111|eolivelli
1112|TisonKun
1113|symat
1114|iamgd67
1115|jhuan31
1116|jhuan31
1117|enixon
1118|cyxpdc
1119|TisonKun
1120|TisonKun
1121|symat
1122|maoling
1123|yfxhust
1124|aristotelhs
1125|maoling
1126|maoling
1127|yfxhust
1128|yaojingguo
1129|maoling
1130|lvfangmin
1131|ztzg
1132|Randgalt
1133|arshadmohammad
1134|ztzg
1135|maoling
1136|maoling
1137|maoling
1138|Randgalt
1139|eolivelli
1140|twotwo7
1141|chia7712
1142|ZWShuai91
1143|anmolnar
1144|ericlee123
1145|arshadmohammad
1146|yaojingguo
1147|eolivelli
1148|maoling
1149|maoling
1150|coheigea
1151|eolivelli
1152|eolivelli
1153|eolivelli
1154|eolivelli
1155|eolivelli
1156|Prabhjot-jatt
1157|coheigea
1158|Randgalt
1159|symat
1160|anmolnar
1161|symat
1162|eolivelli
1163|maoling
1164|KimRasak
1165|coheigea
1166|sangitanalkar
1167|KimRasak
1168|xy24
1169|ztzg
1170|symat
1171|ravowlga123
1172|vladimirivic
1173|ztzg
1174|anmolnar
1175|ravowlga123
1176|symat
1177|hanm
1178|hanm
1179|ravowlga123
1180|ravowlga123
1181|ravowlga123
1182|hanm
1183|ravowlga123
1184|symat
1185|sujithsimon22
1186|ztzg
1187|ravowlga123
1188|kishorvpatil
1189|hammerlefb
1190|sujithsimon22
1191|lvfangmin
1192|belugabehr
1193|belugabehr
1194|ravowlga123
1195|wordfeng
1196|eolivelli
1197|belugabehr
1198|belugabehr
1199|belugabehr
1200|nishanth-entoor
1201|coheigea
1202|belugabehr
1203|belugabehr
1204|symat
1205|symat
1206|belugabehr
1207|belugabehr
1208|belugabehr
1209|eolivelli
1210|jhuan31
1211|jhuan31
1212|wangfengqi2010
1213|belugabehr
