pull_number|reviewer_login
15|cpoerschke
77|fpj
82|skamille
84|eribeiro
84|fpj
84|lvfangmin
85|breed
90|fpj
90|rgs1
90|hanm
92|lvfangmin
92|eribeiro
92|shralex
96|rgs1
96|breed
96|fpj
97|hanm
97|rgs1
97|breed
98|eribeiro
98|rgs1
99|rgs1
99|lvfangmin
99|hanm
99|eribeiro
100|rgs1
101|fpj
102|breed
102|eribeiro
102|lvfangmin
102|fpj
104|breed
106|arshadmohammad
111|lvfangmin
112|jiafujiang
112|hanm
112|rakeshadr
117|lvfangmin
117|rgs1
117|hanm
118|eolivelli
118|anmolnar
119|hanm
119|wuwen5
119|eolivelli
120|hanm
120|eribeiro
122|eribeiro
122|fpj
124|rakeshadr
131|rgs1
136|eribeiro
136|afine
136|skamille
136|eolivelli
136|anmolnar
137|rakeshadr
137|arshadmohammad
140|eribeiro
143|eribeiro
143|hanm
144|afine
144|rakeshadr
148|mikaelstaldal
148|jvz
148|revans2
150|eribeiro
150|rakeshadr
150|hanm
150|afine
153|arshadmohammad
155|rakeshadr
156|rakeshadr
157|fpj
157|afine
157|hanm
159|hanm
160|afine
160|eribeiro
165|eribeiro
167|shralex
167|kfirlevari
167|hanm
167|fpj
170|arshadmohammad
173|hanm
173|eribeiro
173|bensherman
176|rakeshadr
179|afine
179|rakeshadr
179|eribeiro
179|arshadmohammad
179|fpj
180|revans2
180|eribeiro
180|hanm
180|afine
181|rakeshadr
182|hanm
182|afine
183|rakeshadr
184|geek101
184|hanm
184|anmolnar
184|ivmaykov
184|breed
184|dain
186|keith-turner
186|afine
187|afine
189|afine
189|hanm
190|shralex
191|skamille
191|afine
195|afine
195|hanm
196|govind-menon
196|kishorvpatil
197|govind-menon
197|kishorvpatil
198|govind-menon
200|hanm
205|eribeiro
205|afine
208|vincentpoon
208|afine
211|rakeshadr
215|shralex
216|eribeiro
217|eribeiro
222|Randgalt
222|hanm
223|hanm
223|afine
227|afine
227|ivankelly
232|rakeshadr
232|hanm
234|hanm
234|packysauce
236|rakeshadr
238|afine
239|rakeshadr
241|hanm
246|afine
247|afine
248|afine
249|hanm
253|afine
254|afine
254|hanm
254|rakeshadr
257|eribeiro
257|afine
262|nerdyyatrice
267|Randgalt
267|afine
271|hanm
272|rakeshadr
274|hanm
274|afine
275|afine
276|hanm
279|eribeiro
279|hanm
279|arshadmohammad
282|hanm
282|arshadmohammad
290|afine
291|hanm
292|shralex
292|asdf2014
293|afine
294|eolivelli
294|anmolnar
296|afine
296|anmolnar
296|phunt
297|shralex
297|afine
298|maoling
300|anmolnar
303|maoling
304|asdf2014
306|hanm
307|hanm
307|eribeiro
307|tdunning
307|skamille
307|anmolnar
308|afine
312|eribeiro
312|hanm
315|shralex
320|hanm
321|hanm
322|maoling
322|hanm
323|afine
323|hanm
324|arshadmohammad
325|afine
327|hanm
328|hanm
329|hanm
331|hanm
333|hanm
334|maoling
335|hanm
336|maoling
336|skamille
338|hanm
338|afine
338|anmolnar
339|eolivelli
339|hanm
341|hanm
342|DanBenediktson
342|hanm
342|maoling
345|afine
345|eribeiro
347|maoling
348|afine
349|afine
349|hanm
350|maoling
350|hanm
353|anmolnar
353|breed
354|afine
354|hanm
355|afine
355|hanm
356|maoling
357|afine
357|hanm
361|hanm
361|maoling
361|anmolnar
374|maoling
375|afine
377|afine
377|phunt
377|DanBenediktson
377|lvfangmin
377|anmolnar
377|rakeshadr
384|phunt
386|andschwa
386|phunt
394|phunt
400|afine
403|afine
404|anmolnar
404|afine
405|anmolnar
406|anmolnar
408|anmolnar
409|afine
411|shralex
411|afine
412|afine
413|afine
413|anmolnar
414|afine
415|afine
416|afine
417|rakeshadr
418|afine
419|afine
420|phunt
420|afine
421|anmolnar
421|afine
422|anmolnar
423|afine
423|anmolnar
425|afine
425|phunt
427|anmolnar
427|phunt
428|anmolnar
430|paulmillar
430|phunt
431|anmolnar
432|anmolnar
432|phunt
433|anmolnar
434|anmolnar
436|phunt
437|anmolnar
438|afine
438|anmolnar
438|shralex
439|anmolnar
439|eolivelli
440|afine
440|phunt
441|afine
442|anmolnar
443|anmolnar
443|phunt
443|afine
446|anmolnar
446|phunt
446|afine
447|anmolnar
447|hanm
448|anmolnar
449|anmolnar
450|anmolnar
450|afine
450|eolivelli
451|afine
451|fpj
451|eribeiro
451|hanm
452|afine
453|kishorvpatil
453|mfenes
453|anmolnar
453|afine
454|kishorvpatil
455|kishorvpatil
456|fpj
457|eolivelli
458|afine
459|kangguidong
459|afine
461|afine
462|mfenes
463|mfenes
463|afine
464|anmolnar
466|rakeshadr
466|phunt
467|anmolnar
468|anmolnar
468|fpj
469|afine
472|anmolnar
473|anmolnar
473|afine
474|anmolnar
474|afine
476|afine
476|eribeiro
476|hanm
479|anmolnar
482|afine
484|hanm
485|hanm
486|hanm
487|nkalmar
488|afine
488|hanm
489|afine
489|anmolnar
489|lvfangmin
489|maoling
490|anmolnar
490|mfenes
490|maoling
492|eribeiro
492|anmolnar
492|maoling
492|hanm
493|anmolnar
493|lujiefsi
493|hanm
495|maoling
495|lujiefsi
495|anmolnar
495|phunt
496|lujiefsi
496|anmolnar
496|phunt
496|pravsingh
497|phunt
497|nkalmar
499|hanm
500|anmolnar
500|eribeiro
500|edwardoliveira
501|anmolnar
501|edwardoliveira
501|phunt
502|anmolnar
502|hanm
504|lujiefsi
510|lvfangmin
514|nkalmar
515|nkalmar
519|anmolnar
520|anmolnar
521|anmolnar
522|rgs1
523|phunt
524|phunt
525|phunt
525|hanm
526|hanm
527|hanm
529|anmolnar
529|enixon
529|nkalmar
530|maoling
530|anmolnar
533|anmolnar
533|nkalmar
534|hanm
534|lvfangmin
534|nkalmar
537|hanm
539|maoling
541|anmolnar
542|nkalmar
542|anmolnar
543|hanm
544|hanm
544|nkalmar
544|lvfangmin
545|nkalmar
545|hanm
545|breed
546|ivankelly
546|nkalmar
546|anmolnar
546|enixon
547|nkalmar
547|anmolnar
548|maoling
548|anmolnar
548|breed
548|lvfangmin
549|eolivelli
549|enixon
549|tamaashu
550|anmolnar
550|eolivelli
552|eolivelli
553|maoling
553|tamaashu
554|nkalmar
554|maoling
554|breed
555|nkalmar
555|lvfangmin
555|breed
556|nkalmar
556|anmolnar
556|hanm
558|nkalmar
558|anmolnar
559|nkalmar
560|breed
560|hanm
561|hanm
561|anmolnar
561|breed
562|breed
562|hanm
562|anmolnar
562|nkalmar
563|anmolnar
563|nkalmar
563|breed
564|eolivelli
564|anmolnar
565|nkalmar
566|nkalmar
566|lvfangmin
567|anmolnar
567|maoling
567|breed
567|tamaashu
568|anmolnar
570|anmolnar
571|anmolnar
572|lvfangmin
572|breed
572|pravsingh
573|maoling
573|nkalmar
573|hanm
577|nkalmar
577|hanm
578|hanm
579|breed
579|lvfangmin
580|hanm
580|anmolnar
580|lvfangmin
580|eolivelli
581|nkalmar
581|breed
582|lvfangmin
582|pravsingh
582|anmolnar
583|nkalmar
583|breed
584|nkalmar
584|anmolnar
584|maoling
584|breed
586|pravsingh
586|breed
587|enixon
587|tamaashu
587|lvfangmin
587|anmolnar
587|eolivelli
588|breed
588|hanm
590|hanm
590|anmolnar
590|nkalmar
591|hanm
592|lvfangmin
593|maoling
593|nkalmar
593|breed
594|anmolnar
595|maoling
596|nkalmar
598|lvfangmin
601|lvfangmin
601|anmolnar
605|breed
605|nkalmar
605|anmolnar
605|hanm
606|breed
606|hanm
608|nkalmar
610|nkalmar
612|nkalmar
612|anmolnar
612|hanm
613|anmolnar
614|maoling
614|hanm
615|hanm
615|anmolnar
616|eolivelli
617|eolivelli
617|anmolnar
617|lvfangmin
617|maoling
618|nameof
619|hanm
620|hanm
621|hanm
622|eolivelli
622|anmolnar
623|hanm
624|eolivelli
624|enixon
624|breed
624|anmolnar
626|hanm
626|anmolnar
628|eolivelli
628|hanm
628|lvfangmin
629|eolivelli
629|lvfangmin
629|anmolnar
630|lvfangmin
630|eolivelli
630|anmolnar
632|eolivelli
632|edwardoliveira
632|eribeiro
632|hanm
639|anmolnar
643|nkalmar
643|anmolnar
647|anmolnar
648|anmolnar
648|eolivelli
649|lvfangmin
649|hanm
650|eolivelli
650|maoling
650|tamaashu
650|lvfangmin
650|anmolnar
651|eolivelli
651|lvfangmin
651|hanm
652|eolivelli
652|lvfangmin
652|anmolnar
653|nkalmar
654|eolivelli
654|nkalmar
657|eolivelli
657|lvfangmin
659|lvfangmin
659|eolivelli
662|nkalmar
662|tamaashu
662|anmolnar
663|lvfangmin
663|eolivelli
665|eolivelli
665|tamaashu
665|maoling
665|hanm
666|anmolnar
667|lvfangmin
667|eolivelli
668|eolivelli
669|dain
669|eolivelli
669|anmolnar
670|eolivelli
672|anmolnar
672|eolivelli
673|eolivelli
673|tumativ
673|hanm
673|anmolnar
676|eolivelli
678|eolivelli
678|anmolnar
678|hanm
678|tumativ
679|anmolnar
680|eolivelli
680|tumativ
680|anmolnar
681|anmolnar
682|lvfangmin
684|lvfangmin
684|hanm
684|anmolnar
684|tumativ
686|nkalmar
686|anmolnar
687|nkalmar
688|anmolnar
689|anmolnar
689|lvfangmin
690|anmolnar
690|nkalmar
690|eolivelli
692|eolivelli
692|anmolnar
692|nkalmar
692|lvfangmin
700|eolivelli
700|hanm
701|eolivelli
702|eolivelli
702|lvfangmin
702|hanm
703|anmolnar
703|hanm
706|eolivelli
707|anmolnar
707|maoling
707|eolivelli
709|eolivelli
710|eolivelli
710|lvfangmin
710|anmolnar
711|eolivelli
711|hanm
712|anmolnar
712|eolivelli
712|lvfangmin
714|anmolnar
716|eolivelli
716|anmolnar
717|anmolnar
719|anmolnar
719|eolivelli
720|nkalmar
720|eolivelli
721|lavacat
721|anmolnar
722|eolivelli
722|anmolnar
723|eolivelli
723|anmolnar
723|nkalmar
724|nkalmar
725|anmolnar
726|eolivelli
726|lvfangmin
728|nkalmar
728|anmolnar
728|ivmaykov
729|eolivelli
729|nkalmar
730|hanm
730|anmolnar
730|enixon
730|tdunning
730|dmitriyHavrilovich
731|eolivelli
731|tamaashu
731|nkalmar
733|eolivelli
733|nkalmar
734|eolivelli
734|anmolnar
735|lvfangmin
735|eolivelli
735|enixon
735|anmolnar
736|anmolnar
737|anmolnar
737|lvfangmin
738|eolivelli
738|lvfangmin
739|lvfangmin
740|lvfangmin
741|eolivelli
742|nkalmar
742|anmolnar
743|anmolnar
743|lvfangmin
744|anmolnar
744|dineshappavoo
744|lvfangmin
745|lvfangmin
747|eolivelli
747|lvfangmin
748|eolivelli
748|anmolnar
749|eolivelli
749|lvfangmin
750|eolivelli
751|nkalmar
751|anmolnar
752|eolivelli
752|maoling
753|eolivelli
753|ivmaykov
753|normanmaurer
754|nkalmar
757|eolivelli
757|lvfangmin
757|anmolnar
760|eolivelli
760|anmolnar
761|eolivelli
761|lvfangmin
761|anmolnar
762|eolivelli
763|nkalmar
764|nkalmar
764|anmolnar
767|eolivelli
767|hanm
767|anmolnar
768|lvfangmin
768|anmolnar
769|anmolnar
769|lvfangmin
769|sonymoon
770|nkalmar
770|lvfangmin
770|anmolnar
773|eolivelli
774|eolivelli
776|eolivelli
777|eolivelli
777|lvfangmin
778|eolivelli
779|anmolnar
780|anmolnar
781|eolivelli
781|anmolnar
781|lvfangmin
782|eolivelli
782|tamaashu
783|anmolnar
784|anmolnar
784|eolivelli
785|nkalmar
785|anmolnar
785|tamaashu
786|anmolnar
786|nkalmar
786|lvfangmin
787|eolivelli
787|nkalmar
787|phunt
787|anmolnar
788|nkalmar
789|eolivelli
789|lvfangmin
789|anmolnar
790|anmolnar
792|anmolnar
795|eolivelli
795|nkalmar
796|anmolnar
796|eolivelli
796|lvfangmin
799|anmolnar
799|eolivelli
800|eolivelli
800|anmolnar
800|lvfangmin
801|eolivelli
801|tamaashu
803|tamaashu
803|anmolnar
806|nkalmar
807|anmolnar
808|anmolnar
809|eolivelli
809|normanmaurer
809|anmolnar
810|anmolnar
816|eolivelli
816|anmolnar
817|nkalmar
817|eolivelli
818|nkalmar
819|eolivelli
820|eolivelli
820|anmolnar
821|nkalmar
821|eolivelli
822|enixon
822|anmolnar
823|anmolnar
823|eolivelli
823|phunt
823|belugabehr
824|eolivelli
825|eolivelli
826|nkalmar
826|lvfangmin
826|phunt
827|nkalmar
828|eolivelli
828|anmolnar
828|phunt
831|eolivelli
831|phunt
831|anmolnar
832|eolivelli
832|lvfangmin
832|anmolnar
832|phunt
832|Randgalt
833|lvfangmin
833|phunt
833|eolivelli
833|anmolnar
834|eolivelli
834|anmolnar
834|lvfangmin
835|eolivelli
835|nkalmar
836|nkalmar
837|anmolnar
838|anmolnar
839|eolivelli
839|anmolnar
840|jhuan31
840|enixon
840|lvfangmin
841|tamaashu
841|eolivelli
842|anmolnar
843|eolivelli
843|anmolnar
846|phunt
846|anmolnar
847|phunt
848|anmolnar
849|eolivelli
849|lvfangmin
849|anmolnar
850|eolivelli
850|lvfangmin
850|anmolnar
851|eolivelli
851|lvfangmin
852|phunt
853|eolivelli
853|lvfangmin
853|anmolnar
854|jhuan31
854|anmolnar
854|lvfangmin
854|enixon
855|eolivelli
855|anmolnar
856|eolivelli
856|lvfangmin
857|eolivelli
857|phunt
858|eolivelli
858|anmolnar
858|lvfangmin
859|eolivelli
859|anmolnar
859|lvfangmin
860|eolivelli
860|anmolnar
861|lvfangmin
861|eolivelli
862|anmolnar
862|eolivelli
862|lvfangmin
863|enixon
863|nkalmar
863|eolivelli
864|phunt
865|eolivelli
865|maoling
865|anmolnar
867|eolivelli
867|lvfangmin
868|anmolnar
869|eolivelli
869|lvfangmin
870|enixon
870|maoling
870|eolivelli
870|anmolnar
871|eolivelli
876|anmolnar
876|enixon
877|anmolnar
878|maoling
878|anmolnar
878|nkalmar
878|lvfangmin
879|lvfangmin
879|eolivelli
879|maoling
880|anmolnar
880|eolivelli
880|enixon
881|anmolnar
882|maoling
882|enixon
882|anmolnar
882|eolivelli
883|nkalmar
884|eolivelli
884|maoling
885|eolivelli
885|anmolnar
886|anmolnar
887|eolivelli
888|anmolnar
888|hanm
889|nkalmar
890|eolivelli
891|anmolnar
892|eolivelli
893|eolivelli
893|anmolnar
894|maoling
895|eolivelli
897|eolivelli
897|anmolnar
898|anmolnar
898|eolivelli
899|eolivelli
899|szepet
899|anmolnar
900|anmolnar
902|eolivelli
902|nkalmar
903|nkalmar
904|eolivelli
904|anmolnar
905|nkalmar
905|hanm
906|maoling
906|eolivelli
907|eolivelli
907|anmolnar
909|nkalmar
909|anmolnar
910|nkalmar
910|anmolnar
911|eolivelli
912|nkalmar
912|eolivelli
912|anmolnar
913|anmolnar
913|eolivelli
914|maoling
914|lvfangmin
914|anmolnar
915|eolivelli
915|anmolnar
916|eolivelli
916|anmolnar
917|hanm
918|enixon
918|lvfangmin
918|nkalmar
919|eolivelli
919|anmolnar
919|normanmaurer
922|anmolnar
922|eolivelli
922|lvfangmin
923|nkalmar
923|anmolnar
923|eolivelli
924|eolivelli
924|lvfangmin
924|anmolnar
925|nkalmar
925|tamaashu
925|anmolnar
927|brian-brazil
928|eolivelli
928|nkalmar
929|anmolnar
929|lvfangmin
930|anmolnar
930|eolivelli
931|maoling
931|anmolnar
931|hanm
932|lvfangmin
932|eolivelli
933|eolivelli
933|lvfangmin
933|anmolnar
934|ztzg
934|eolivelli
935|maoling
936|anmolnar
937|eolivelli
937|anmolnar
939|eolivelli
939|hanm
940|eolivelli
940|hanm
940|maoling
941|eolivelli
941|anmolnar
944|eolivelli
944|hanm
945|oscerd
945|nkalmar
946|eolivelli
946|nkalmar
947|eolivelli
947|nkalmar
948|eolivelli
948|lvfangmin
949|anmolnar
949|eolivelli
950|eolivelli
952|lvfangmin
952|anmolnar
953|eolivelli
953|anmolnar
953|hanm
953|enixon
954|eolivelli
955|nkalmar
955|anmolnar
956|eolivelli
957|eolivelli
957|nkalmar
958|anmolnar
958|hanm
959|anmolnar
959|eolivelli
959|lvfangmin
959|stickyhipp
960|maoling
960|eolivelli
960|nkalmar
960|hanm
961|eolivelli
961|nkalmar
962|eolivelli
962|nkalmar
963|eolivelli
963|anmolnar
964|anmolnar
965|nkalmar
967|eolivelli
967|nkalmar
968|eolivelli
968|hanm
969|eolivelli
970|phunt
971|anmolnar
971|eolivelli
972|hanm
973|meszibalu
974|nkalmar
974|anmolnar
975|eolivelli
975|anmolnar
977|nkalmar
978|eolivelli
978|hanm
980|eolivelli
980|phunt
980|nkalmar
981|eolivelli
982|eolivelli
982|lvfangmin
982|sonymoon
983|maoling
983|eolivelli
983|anmolnar
984|maoling
984|lvfangmin
984|anmolnar
984|eolivelli
984|mayawang
986|hanm
988|maoling
988|eolivelli
988|anmolnar
989|eolivelli
991|eolivelli
991|nkalmar
992|anmolnar
993|anmolnar
993|phunt
993|nkalmar
994|hanm
994|eolivelli
995|mayawang
995|hanm
995|lvfangmin
995|eolivelli
996|hanm
996|eolivelli
996|anmolnar
997|eolivelli
998|nkalmar
998|anmolnar
998|hanm
999|eolivelli
999|enixon
999|hanm
1000|eolivelli
1000|hanm
1001|phunt
1002|maoling
1003|eolivelli
1003|anmolnar
1004|maoling
1004|nkalmar
1005|nkalmar
1007|eolivelli
1007|lvfangmin
1008|eolivelli
1008|anmolnar
1009|nkalmar
1009|maoling
1010|eolivelli
1010|Randgalt
1012|eolivelli
1012|nkalmar
1014|eolivelli
1015|eolivelli
1015|maoling
1015|nkalmar
1016|eolivelli
1016|nkalmar
1018|eolivelli
1018|nkalmar
1019|eolivelli
1019|TisonKun
1020|nkalmar
1021|anmolnar
1021|nkalmar
1021|maoling
1023|eolivelli
1023|nkalmar
1024|eolivelli
1024|anmolnar
1025|dineshappavoo
1025|anmolnar
1026|hanm
1027|eolivelli
1027|anmolnar
1028|eolivelli
1028|nkalmar
1029|anmolnar
1030|anmolnar
1030|hanm
1031|lvfangmin
1031|hanm
1032|dineshappavoo
1032|hanm
1033|anmolnar
1033|nkalmar
1034|eolivelli
1034|hanm
1034|sonymoon
1034|anmolnar
1035|maoling
1035|nkalmar
1035|hanm
1037|eolivelli
1037|hanm
1039|tamaashu
1039|eolivelli
1039|hanm
1040|eolivelli
1040|anmolnar
1042|maoling
1042|hanm
1043|eolivelli
1043|anmolnar
1045|jhuan31
1045|enixon
1045|anmolnar
1045|eolivelli
1047|hanm
1047|eolivelli
1048|anmolnar
1048|enixon
1048|eolivelli
1049|enixon
1049|eolivelli
1049|nkalmar
1049|hanm
1050|nkalmar
1050|eolivelli
1051|hanm
1051|nkalmar
1052|eolivelli
1052|enixon
1052|anmolnar
1053|eolivelli
1053|anmolnar
1054|eolivelli
1055|eolivelli
1055|nkalmar
1056|eolivelli
1056|anmolnar
1056|lvfangmin
1057|lvfangmin
1057|eolivelli
1057|nkalmar
1059|hanm
1059|anmolnar
1059|eolivelli
1059|maoling
1060|eolivelli
1060|nkalmar
1061|eolivelli
1062|eolivelli
1062|maoling
1063|hanm
1063|maoling
1063|shralex
1064|eolivelli
1064|hanm
1064|nkalmar
1066|eolivelli
1066|anmolnar
1067|TisonKun
1067|hanm
1068|enixon
1069|eolivelli
1069|enixon
1070|eolivelli
1070|hanm
1071|eolivelli
1071|maoling
1072|eolivelli
1073|eolivelli
1073|hanm
1075|maoling
1075|hanm
1076|hanm
1077|lvfangmin
1077|maoling
1077|anmolnar
1078|nkalmar
1078|eolivelli
1078|anmolnar
1079|anmolnar
1080|eolivelli
1080|hanm
1080|lvfangmin
1081|hanm
1081|lvfangmin
1082|nkalmar
1084|eolivelli
1084|TisonKun
1084|belugabehr
1085|eolivelli
1085|anmolnar
1086|lvfangmin
1086|hanm
1088|lvfangmin
1088|nkalmar
1089|eolivelli
1090|nkalmar
1091|eolivelli
1091|nkalmar
1092|TisonKun
1092|maoling
1092|nkalmar
1093|nkalmar
1094|anmolnar
1094|nkalmar
1095|eolivelli
1095|maoling
1095|Randgalt
1096|eolivelli
1096|hanm
1097|eolivelli
1097|maoling
1097|nkalmar
1098|enixon
1098|eolivelli
1098|anmolnar
1098|maoling
1099|arshadmohammad
1099|eolivelli
1100|enixon
1100|anmolnar
1101|hanm
1102|enixon
1102|eolivelli
1102|nkalmar
1103|enixon
1103|eolivelli
1103|nkalmar
1105|eolivelli
1105|anmolnar
1106|eolivelli
1106|anmolnar
1106|maoling
1106|nkalmar
1107|suhasdantkale
1107|anmolnar
1108|maoling
1108|enixon
1108|eribeiro
1108|arshadmohammad
1108|eolivelli
1109|eolivelli
1109|anmolnar
1109|lvfangmin
1110|enixon
1112|anmolnar
1112|eolivelli
1113|nkalmar
1113|anmolnar
1114|eolivelli
1115|eolivelli
1115|lvfangmin
1116|eolivelli
1116|lvfangmin
1118|eolivelli
1120|eolivelli
1121|anmolnar
1123|eolivelli
1123|lvfangmin
1124|eolivelli
1124|anmolnar
1125|jhuan31
1128|maoling
1129|enixon
1129|eolivelli
1130|eolivelli
1130|hanm
1131|eolivelli
1131|nkalmar
1131|symat
1132|eolivelli
1132|anmolnar
1133|eolivelli
1133|anmolnar
1134|symat
1136|lvfangmin
1136|enixon
1138|maoling
1138|eolivelli
1138|lvfangmin
1139|TisonKun
1139|nkalmar
1140|anmolnar
1141|eolivelli
1141|lvfangmin
1142|maoling
1142|eolivelli
1142|anmolnar
1143|eolivelli
1144|maoling
1144|anmolnar
1145|maoling
1145|anmolnar
1146|enixon
1146|maoling
1146|lvfangmin
1146|eolivelli
1147|anmolnar
1149|Randgalt
1150|eolivelli
1150|anmolnar
1158|eolivelli
1158|lvfangmin
1159|ztzg
1159|eolivelli
1159|nkalmar
1160|eolivelli
1161|anmolnar
1161|eolivelli
1161|nkalmar
1162|nkalmar
1163|eolivelli
1163|nkalmar
1164|eolivelli
1165|maoling
1165|eolivelli
1165|anmolnar
1166|anmolnar
1166|eolivelli
1167|lvfangmin
1168|anmolnar
1168|eolivelli
1169|eolivelli
1169|nkalmar
1170|eolivelli
1171|maoling
1171|HorizonNet
1171|eolivelli
1171|phunt
1171|anmolnar
1172|hanm
1173|symat
1173|anmolnar
1174|symat
1175|maoling
1175|HorizonNet
1175|anmolnar
1176|anmolnar
1176|suhasdantkale
1177|eolivelli
1178|eolivelli
1179|maoling
1179|HorizonNet
1179|eolivelli
1180|maoling
1180|HorizonNet
1181|maoling
1182|eolivelli
1182|anmolnar
1183|HorizonNet
1183|eolivelli
1183|maoling
1184|eolivelli
1184|nkalmar
1185|eolivelli
1186|anmolnar
1187|eolivelli
1187|maoling
1187|HorizonNet
1188|maoling
1189|hanm
1189|lvfangmin
1190|lvfangmin
1190|maoling
1190|arshadmohammad
1192|maoling
1192|jhuan31
1193|eolivelli
1194|maoling
1194|HorizonNet
1195|maoling
1196|anmolnar
1197|maoling
1198|maoling
1198|eolivelli
1199|maoling
1200|HorizonNet
1200|eolivelli
1200|maoling
1201|eolivelli
1202|ztzg
1203|maoling
1203|ztzg
1204|eolivelli
1205|eolivelli
1207|eolivelli
1208|anmolnar
1209|phunt
1211|ztzg
1213|eolivelli
29|Randgalt
30|hongchaodeng
36|gregors
50|rakeshadr
52|fpj
59|fpj
59|eribeiro
65|fpj
65|rakeshadr
84|Randgalt
90|breed
92|hanm
93|hanm
102|hanm
150|fpj
179|hanm
208|eribeiro
247|hanm
252|eribeiro
292|hanm
307|karanmehta93
310|lvfangmin
451|anmolnar
456|JonathanO
533|maoling
601|eolivelli
680|ivmaykov
742|eolivelli
764|eolivelli
788|eolivelli
830|eolivelli
839|TisonKun
870|belugabehr
876|belugabehr
888|belugabehr
909|eolivelli
910|eolivelli
924|ericlee123
1023|TisonKun
1049|TisonKun
1070|TisonKun
1147|eolivelli
