login|name_github|email_github|name_git|email_git
1151thehawk|['benoit demers']|[]|[]|[]
12hys|['Rhys']|[]|[]|[]
20100507|['BQ']|['bq18703414250@gmail.com']|[]|[]
Abhishek Rai:abhishek@thoughtspot.com|[]|[]|['Abhishek Rai']|['abhishek@thoughtspot.com']
Abhishek Singh Chouhan:abhishek.chouhan@salesforce.com|[]|[]|['Abhishek Singh Chouhan']|['abhishek.chouhan@salesforce.com']
Abraham Fine:abefine@cloudera.com|[]|[]|['Abraham Fine']|['abefine@cloudera.com']
Alexander Shraer:shralex@apache.org|[]|[]|['Alexander Shraer']|['shralex@apache.org']
Andrea Reale:realean2@ie.ibm.com|[]|[]|['Andrea Reale']|['realean2@ie.ibm.com']
Andrew Kornev:akornev@apache.org|[]|[]|['Andrew Kornev']|['akornev@apache.org']
Anvil|['Damien Nadé']|[]|[]|[]
ArneBachmann|['Arne Bachmann']|[]|[]|[]
Benjamin Reed:br33d@fb.com|[]|[]|['Benjamin Reed']|['br33d@fb.com']
Bjorn248|['Bjorn Stange']|['bjorn248@gmail.com']|[]|[]
Botond Hejj:botond.hejj@gmail.com|[]|[]|['Botond Hejj']|['botond.hejj@gmail.com']
Brian Nixon:nixon@fb.com|[]|[]|['Brian Nixon']|['nixon@fb.com']
Buttcher|[]|[]|[]|[]
CheneySun|[]|[]|[]|[]
DanBenediktson|[]|[]|[]|[]
David Mollitor:dmollitor@apache.org|[]|[]|['David Mollitor']|['dmollitor@apache.org']
Dinesh Appavoo:dappavoo@twitter.com|[]|[]|['Dinesh Appavoo']|['dappavoo@twitter.com']
DorgenJones|['Dorgen Jones']|['dblpfilter@163.com']|[]|[]
Enrico Olivelli - Diennea:eolivelli@apache.org|[]|[]|['Enrico Olivelli - Diennea']|['eolivelli@apache.org']
Enrico Olivelli:enrico.olivelli@diennea.com|[]|[]|['Enrico Olivelli']|['enrico.olivelli@diennea.com']
Enrico Olivelli:eolivelli@apache.org|[]|[]|['Enrico Olivelli']|['eolivelli@apache.org']
Enrico Olivelli:eolivelli@localhost.localdomain|[]|[]|['Enrico Olivelli']|['eolivelli@localhost.localdomain']
Eric Lee:ericlee123@fb.com|[]|[]|['Eric Lee']|['ericlee123@fb.com']
Eron Wright:eron.wright@gmail.com|[]|[]|['Eron Wright']|['eron.wright@gmail.com']
EronWright|['Eron Wright']|['eronwright@gmail.com']|[]|[]
Fangmin Lyu:allenlyu@fb.com|[]|[]|['Fangmin Lyu']|['allenlyu@fb.com']
Felix-Pobaby|['Felix Zhang']|[]|[]|[]
Feng Shaobao:haobao.feng@huawei.com|[]|[]|['Feng Shaobao']|['haobao.feng@huawei.com']
GavinAlison|['Gavin.Alison']|[]|[]|[]
Geker|['songqingqing']|[]|[]|[]
Hongchao Deng:hdeng@apache.org|[]|[]|['Hongchao Deng']|['hdeng@apache.org']
HorizonNet|['Jan Hentschel']|[]|[]|[]
Hugh O'Brien:hugh.obrien@jet.com|[]|[]|"[""Hugh O'Brien""]"|['hugh.obrien@jet.com']
Humbedooh|['Daniel Gruno']|['humbedooh@apache.org']|[]|[]
Igor Rudenko:irudenko@cloudmade.com|[]|[]|['Igor Rudenko']|['irudenko@cloudmade.com']
JarenGlover|['Jaren Glover']|[]|[]|[]
Jeelani Mohamed Abdul Khader:mjeelani@devvm3360.prn2.facebook.com|[]|[]|['Jeelani Mohamed Abdul Khader']|['mjeelani@devvm3360.prn2.facebook.com']
Jeelani Mohamed Abdul Khader:mjeelani@fb.com|[]|[]|['Jeelani Mohamed Abdul Khader']|['mjeelani@fb.com']
Jiafu Jiang:jiangjiafu1989@gmail.com|[]|[]|['Jiafu Jiang']|['jiangjiafu1989@gmail.com']
Jie Huang:jiehuang@fb.com|[]|[]|['Jie Huang']|['jiehuang@fb.com']
JiriOndrusek|[]|['ondrusek.jiri@gmail.com']|[]|[]
JonathanO|['Jonathan Oddy']|[]|[]|[]
KangZhiDong|['康智冬']|['worldkzd@gmail.com']|[]|[]
Kfir Lev-Ari:klevari@apple.com|[]|[]|['Kfir Lev-Ari']|['klevari@apple.com']
KimRasak|[]|[]|[]|[]
Kyle Nusbaum:knusbaum@yahoo-inc.com|[]|[]|['Kyle Nusbaum']|['knusbaum@yahoo-inc.com']
LJ1043041006:1239497420@qq.com|[]|[]|['LJ1043041006']|['1239497420@qq.com']
Lagrang|['Igor Skokov']|[]|['Igor Skokov']|['igor.skokov@cinarra.com']
LighthouseJ|[]|[]|[]|[]
LionelCons|['Lionel Cons']|[]|[]|[]
Mahadev Konar:mahadev@apache.org|[]|[]|['Mahadev Konar']|['mahadev@apache.org']
Mark Fenes:mfenes@cloudera.com|[]|[]|['Mark Fenes']|['mfenes@cloudera.com']
Mate Szalay-Beko:mszalay@cloudera.com|[]|[]|['Mate Szalay-Beko']|['mszalay@cloudera.com']
Matthew Cale:mattcale@homeaway.com|[]|[]|['Matthew Cale']|['mattcale@homeaway.com']
Michael Edwards:Michael Edwards|[]|[]|['Michael Edwards']|['Michael Edwards']
Michael Edwards:medwards@bitpusher.com|[]|[]|['Michael Edwards']|['medwards@bitpusher.com']
Michael Han:hanm@cloudera.com|[]|[]|['Michael Han']|['hanm@cloudera.com']
MichaelScofield|['Lucas Guigui']|['bayinamine@gmail.com']|[]|[]
MichaelYgZhang|['o-o']|['g.zhangyg@gmail.com']|[]|[]
MichelleTPY|['Michelle']|['pheyyintan@gmail.com']|['Michelle']|['pheyyintan@gmail.com']
Michi Mutsuzaki:michim@apache.org|[]|[]|['Michi Mutsuzaki']|['michim@apache.org']
Mohamed Jeelani:mjeelani@fb.com|[]|[]|['Mohamed Jeelani']|['mjeelani@fb.com']
Nigel Daley:nigel@apache.org|[]|[]|['Nigel Daley']|['nigel@apache.org']
Ormod|['Hannu Valtonen']|[]|[]|[]
OuYangLiang|['ouyangliang']|['ouyanggod@gmail.com']|[]|[]
PhantomThief|['w.vela']|[]|[]|[]
Prabhjot-jatt|[]|[]|[]|[]
Randgalt|['Jordan Zimmerman']|['jordan@jordanzimmerman.com']|['randgalt']|['jordan@jordanzimmerman.com']
Reidddddd|['Reid Chan']|['reidchan@apache.org']|['Reid Chan']|['reidchan@apache.org']
Robert (Bobby) Evans:evans@yahoo-inc.com|[]|[]|['Robert (Bobby) Evans']|['evans@yahoo-inc.com']
Robert Evans:evans@yahoo-inc.com|[]|[]|['Robert Evans']|['evans@yahoo-inc.com']
Samuel Just:sjust@salesforce.com|[]|[]|['Samuel Just']|['sjust@salesforce.com']
Shonminh|['Shonminh Yang']|['shonminh@gmail.com']|[]|[]
Sniperwalnut|[]|[]|[]|[]
Suyog Mapara:suyogm@fb.com|[]|[]|['Suyog Mapara']|['suyogm@fb.com']
Thawan Kooburat:thawan@apache.org|[]|[]|['Thawan Kooburat']|['thawan@apache.org']
ThomasLau|['Thomas']|['liuyongzhi0218@gmail.com']|[]|[]
TisonKun|['tison']|['wander4096@gmail.com']|['tison']|['wander4096@gmail.com']
TyqITstudent|[]|[]|[]|[]
YvonneIronberg|[]|[]|[]|[]
ZWShuai91|['大道至简']|[]|['ZWShuai91']|['17610028856@163.com']
Zsombor Gegesy:zsombor@apache.org|[]|[]|['Zsombor Gegesy']|['zsombor@apache.org']
aajisaka|['Akira Ajisaka']|[]|[]|[]
abel-von|[]|[]|[]|[]
abhi-kr|[]|[]|['Abhishek Kumar']|['abhishek.kr@huawei.com']
abhishek-chouhan|['Abhishek Singh Chouhan']|['achouhan@apache.org']|['Abhishek Singh Chouhan']|['abhishekchouhan121@gmail.com']
abhishekrai|['Abhishek Rai']|[]|[]|[]
achernatsky|['Artem Chernatsky']|[]|[]|[]
achimbab|[]|[]|['achimbab']|['07c00h@gmail.com']
adyach|['Andrey Dyachkov']|[]|[]|[]
afine|['Abraham Fine']|[]|['Abraham Fine']|['afine@apache.org']
ajingxian200|['hu xiaodong']|[]|[]|[]
akkumar|['Karthik K']|[]|['Karthik K']|['karthiknetworklink@gmail.com']
alburthoffman|[]|[]|[]|[]
alexbb|[]|[]|['Alex Bame']|['alex@724support.com']
amichair|[]|[]|['Amichai Rothman']|['amichai2@amichais.net']
andreareale|['Andrea Reale']|[]|[]|[]
andschwa|['Andy Schwartzmeyer']|['andrew@schwartzmeyer.com']|['Andrew Schwartzmeyer']|['andrew@schwartzmeyer.com']
anmolnar|['Andor Molnár']|['andor@apache.org']|['Andor Molnar', 'Andor Molnár']|['andor@apache.org', 'andor@cloudera.com']
antonyc|['Anton Chaporgin']|['mrdark@list.ru']|[]|[]
arankin-irl|['Alex Rankin']|[]|['Alex Rankin']|['davelister@gmail.com']
arewaldET|[]|[]|[]|[]
aristotelhs|['Aristotelhs']|[]|[]|[]
aristotelhs:aristotelhs@lenses.io|[]|[]|['aristotelhs']|['aristotelhs@lenses.io']
arshadmohammad|['Mohammad Arshad']|['arshad.mohammad.k@gmail.com']|['Mohammad Arshad', 'arshadmohammad']|['arshad@apache.org', 'arshad.mohammad.k@gmail.com']
artasano|[]|[]|[]|[]
asdf2014|['Benedict Jin']|['asdf2014@apache.org']|['asdf2014', 'Benedict Jin']|['benedictjin2016@gmail.com', '1571805553@qq.com']
asf-ci|['ASF CI System']|[]|[]|[]
asfgit|[]|[]|[]|[]
ashashwat|['Shashwat Anand']|['me@shashwat.me']|['Shashwat Anand']|['me@shashwat.me']
asutosh936|[]|[]|['asutosh936']|['asutosh.pandya@hotmail.com']
athanatos|['Samuel Just']|['sjust@redhat.com']|[]|[]
bd2019us|['Xia Li']|[]|[]|[]
bearcage|['Alex Berghage']|[]|[]|[]
beiske|['Konrad Beiske']|[]|[]|[]
belugabehr|[]|[]|['Beluga Behr']|['dam6923@gmail.com']
benjiazhen|[]|[]|[]|[]
bensherman|['Ben Sherman']|[]|['Ben']|['bensherman@gmail.com']
bhupendra jain:bhupendra.jain@huawei.com|[]|[]|['bhupendra jain']|['bhupendra.jain@huawei.com']
bitgaoshu|[]|[]|['bitgaoshu']|['bitgaoshu@gmail.com']
blahblahbloo|[]|[]|[]|[]
boromee|[]|[]|[]|[]
bothejjms|[]|[]|[]|[]
brahmareddybattula|['Brahma Reddy Battula']|['brahmareddy.battula@yahoo.com']|['b00902108']|['brahmareddy.battula@huawei.com']
brandon-miles|['Brandon Miles']|['brandon_miles@apple.com']|[]|[]
breed|['Benjamin Reed']|['breed@apache.org']|['Benjamin Reed']|['breed@apache.org']
brettKK|['brett']|['1099446733@qq.com']|[]|[]
brian-brazil|['Brian Brazil']|['brian.brazil@robustperception.io']|[]|[]
brian-lininger|[]|[]|[]|[]
brianv0|['Brian Van Klaveren']|[]|[]|[]
bstrong|['Ben Strong']|[]|[]|[]
buptUnixGuys|['bupt_tengteng']|[]|[]|[]
bwmills|['Ben Mills']|[]|[]|[]
caige2015|['caige']|[]|[]|[]
ccma14|[]|[]|[]|[]
cdavis2|[]|[]|[]|[]
cdonati|['Chris Donati']|['chrisdonati@gmail.com']|['Chris Donati']|['chris.donati@appscale.com']
ceache|['Charles-Henri de Boysson']|[]|[]|[]
cedricgithub|[]|[]|[]|[]
ceefour|['Hendy Irawan']|['hendy@hendyirawan.com']|[]|[]
ch3lo|['Marcelo Salazar R.']|[]|[]|[]
chelin|['Charlie Helin']|[]|[]|[]
chia7712|['Chia-Ping Tsai']|['chia7712@gmail.com']|['Chia-Ping Tsai']|['chia7712@gmail.com']
cloudera-hudson|[]|['akiss@cloudera.com']|[]|[]
cnauroth|['Chris Nauroth']|[]|['Chris Nauroth']|['cnauroth@apache.org']
coheigea|['Colm O hEigeartaigh']|[]|['Colm O hEigeartaigh']|['coheigea@apache.org']
cpoerschke|['Christine Poerschke']|['cpoerschke@apache.org']|['Christine Poerschke']|['cpoerschke@bloomberg.net']
craz186|['Sean Gibbons']|[]|[]|[]
ctubbsii|['Christopher Tubbs']|[]|[]|[]
cvvmasters|[]|[]|[]|[]
cxxjava|['cxxjava@163.com']|['cxxjava@163.com']|[]|[]
cyxpdc|['pdc']|[]|[]|[]
dain|['Dain Sundstrom']|['dain@iq80.com']|[]|[]
dappavoo:dappavoo@twitter.com|[]|[]|['dappavoo']|['dappavoo@twitter.com']
dengyunlong|['邓云龙']|['1050845346@qq.com']|[]|[]
dernasherbrezon|['dernasherbrezon']|[]|[]|[]
dforsyth|['David Forsythe']|[]|['David Forsythe']|['dforsyth@freebsd.org']
dineshappavoo|['Dinesh Appavoo']|['dinesha.cit@gmail.com']|[]|[]
djenriquez|['DJ Enriquez']|[]|[]|[]
dmitriyHavrilovich|['Dmitriy']|[]|[]|[]
dnarasim9|['Dheemanth Narasimhan']|['dheemanth.hn@gmail.com']|[]|[]
ealter|['Eliot Alter']|[]|[]|[]
edvorkin|['Eugene Dvorkin']|[]|[]|[]
edwardoliveira|['Edward']|[]|[]|[]
elireisman|['Eli Reisman']|[]|[]|[]
elyograg|['Shawn Heisey']|[]|['Shawn Heisey']|['elyograg@apache.org']
emonty|['Monty Taylor']|['mordred@inaugust.com']|[]|[]
emschwar|['Eric Schwartz']|[]|[]|[]
enixon|[]|[]|[]|[]
eolivelli|['Enrico Olivelli']|['eolivelli@gmail.com']|['Enrico Olivelli']|['eolivelli@gmail.com']
eolivelli:eolivelli@apache.org|[]|[]|['eolivelli']|['eolivelli@apache.org']
eribeiro|['Edward Ribeiro']|[]|['Edward Ribeiro']|['edward.ribeiro@gmail.com']
ericlee123|['Eric Lee']|[]|[]|[]
ewhauser|['Eric Hauser']|['ewhauser@gmail.com']|[]|[]
finefuture|['TomlongTK']|['1120170646@qq.com']|[]|[]
flier|['Flier Lu']|[]|[]|[]
fpj|['Flavio Junqueira']|[]|['Flavio Junqueira', 'fpj', 'Flavio Paiva Junqueira']|['fpj@apache.org']
fr0stbyte|['Radu Brumariu']|[]|['Radu Brumariu']|['radu@groupon.com']
fz23z|[]|[]|[]|[]
gaul|['Andrew Gaul']|[]|[]|[]
geek101|['geek101']|[]|[]|[]
geker:nkthinker@gmail.com|[]|[]|['geker']|['nkthinker@gmail.com']
gkesavan|['Giri Kesavan']|['gkesavan@apache.org']|['Giridharan Kesavan']|['gkesavan@apache.org']
glasser|['David Glasser']|['glasser@davidglasser.net']|[]|[]
gmcatsf|['Mocheng Guo']|[]|[]|[]
gmcdonald|['Gav...']|[]|[]|[]
gnethercutt|['Glenn Nethercutt']|[]|[]|[]
gnuhpc|['Pengcheng Huang']|['futuredaemon@gmail.com']|[]|[]
gongleigl.gong:gongleigl.gong@qunar.com|[]|[]|['gongleigl.gong']|['gongleigl.gong@qunar.com']
gosubpl|[]|['github@gosub.pl']|[]|[]
govind-menon|['Govind Menon']|[]|[]|[]
gpaul|['Gustav Paul']|['gustav.paul@gmail.com']|[]|[]
grchanan|[]|[]|[]|[]
greenciu|['Daniel']|[]|[]|[]
gregors|['Gregory Ostermayr']|['gregory.ostermayr@gmail.com']|[]|[]
grgrzybek|['Grzegorz Grzybek']|['gr.grzybek@gmail.com']|[]|[]
gstein|['Greg Stein']|[]|[]|[]
guyuqi|['Yuqi']|[]|[]|[]
gzsombor|['Zsombor']|[]|[]|[]
hammerlefb|[]|[]|['hammerle']|['hammerle@fb.com']
hamsterready|['Maciej Lopacinski']|[]|[]|[]
hanm|['Michael Han']|[]|['Michael Han']|['lhan@twitter.com', 'hanm@apache.org']
haojiawei111|[]|[]|[]|[]
henrikno|['Henrik Nordvik']|[]|[]|[]
henryr|['Henry Robinson']|['henry@apache.org']|['Henry Robinson']|['henry@apache.org']
hextriclosan|[]|[]|[]|[]
hongchaodeng|['Hongchao Deng']|['fengjingchao@gmail.com']|[]|[]
iamgd67|[]|[]|[]|[]
ijuma|['Ismael Juma']|['mlists@juma.me.uk']|[]|[]
insumity|[]|[]|['Karolos Antoniadis']|['karolos@gmail.com']
isharryf|[]|[]|[]|[]
itayB|['Itay']|[]|[]|[]
ivankelly|['Ivan Kelly']|['ivank@apache.org']|[]|[]
ivanyu|['Ivan Yurchenko']|['ivanyu@aiven.io']|['Ivan Yurchenko']|['ivanyu@aiven.io']
ivmaykov|['Ilya Maykov']|[]|['Ilya Maykov']|['ilyam@fb.com']
jainbhupendra24|[]|[]|[]|[]
jason95|[]|[]|[]|[]
javicacheiro|[]|[]|['Javier Cacheiro']|['alcachi@gmail.com']
jbequinn|['Juan Manuel']|[]|[]|[]
jbgeorg|['John Georgiadis']|[]|[]|[]
jeffwidman|['Jeff Widman']|['jeff@jeffwidman.com']|['Jeff Widman']|['jeff@jeffwidman.com']
jeremywangjun|[]|[]|[]|[]
jgehrcke|['Jan-Philip Gehrcke']|['jgehrcke@googlemail.com']|[]|[]
jhalterman|['Jonathan Halterman']|['jhalterman@gmail.com']|[]|[]
jhuan31|[]|[]|[]|[]
jiafujiang|['Jiafu Jiang']|['jiafujiang@outlook.com']|[]|[]
jooohhn|['John Tran']|[]|['John Tran']|['jptran318@gmail.com']
jorgheymans|['Jorg Heymans']|[]|['Jorg Heymans']|['jorg.heymans@gmail.com']
joshelser|['Josh Elser']|['josh.elser@gmail.com']|['Josh Elser']|['elserj@apache.org']
jpeach|['James Peach']|['jpeach@apache.org']|['James Peach']|['jpeach@apache.org']
jtuple|['Joseph Blomstedt']|[]|['Joseph Blomstedt']|['jdb@fb.com']
junjihashimoto|['junji hashimoto']|[]|[]|[]
jvz|['Matt Sicker']|['mattsicker@apache.org']|[]|[]
kabike|['数组越界']|['ihavenoemail@163.com']|['数组越界']|['ihavenoemail@163.com']
kaixinbaba|['Jeff Xun']|['452914639@qq.com']|[]|[]
kangguidong|[]|[]|[]|[]
karanmarjara|['Karan Marjara']|[]|[]|[]
karanmehta93|[]|[]|[]|[]
keith-turner|['Keith Turner']|[]|[]|[]
kennylbj|['kennylbj']|['kennyliubj@gmail.com']|[]|[]
kevindai007|['kevindai']|[]|[]|[]
kfirlevari|['Kfir Lev-Ari']|[]|[]|[]
kishorvpatil|['Kishor Patil']|['patik523@yahoo.com']|[]|[]
kkakarla|[]|[]|['Ramu']|['kkakarla@redhat.com']
knusbaum|['Kyle Nusbaum']|['KyleJNusbaum@gmail.com']|[]|[]
kofemann|['Tiramisu Mokka']|[]|[]|[]
kouchengkun|[]|[]|[]|[]
kshvakov|['Kirill Shvakov']|['shvakov@gmail.com']|[]|[]
kumagi|['Hiroki KUMAZAKI']|['rintyo_@hotmail.com']|[]|[]
lavacat|['Bogdan K']|[]|['Bogdan Kanivets']|['bkanivets@gmail.com']
leesf|['leesf']|['490081539@qq.com']|[]|[]
leoricxu|['leo xu']|['leoricxu@gmail.com']|[]|[]
lester015|['levi']|[]|[]|[]
leventov|['Roman Leventov']|[]|[]|[]
lfrancke|['Lars Francke']|['github@lars-francke.de']|['Lars Francke']|['lars.francke@gmail.com']
likebean|[]|[]|[]|[]
longqiang:l|[]|[]|['longqiang']|['l']
lordofkey|[]|[]|['lordofkey']|['yyyhhh125@163.com']
lujiefsi|['lujiefsi']|['lujiefsi@foxmail.com']|[]|[]
luoxn28|['luoxiangnan']|['luoxn28@163.com']|[]|[]
lvfangmin|['Allan Lyu']|['fangmin@apache.org']|['Fangmin Lyu']|['fangmin@apache.org']
lwjli|['李文杰']|['liwenjie.thu07@gmail.com']|['lwjli']|['liwenjie.thu07@gmail.com']
machelcheng|[]|[]|[]|[]
makubi|['Mathias Kub']|[]|['Mathias Kub']|['makubi@users.noreply.github.com']
manojmallela|['Manoj Mallela']|[]|['Manoj Mallela']|['manojmallela@users.noreply.github.com']
maoling|[]|[]|['maoling']|['maoling199210191@sina.com']
maplebed|['Ben Hartshorne']|[]|[]|[]
marathom|[]|[]|[]|[]
marvingreenberg|['Marvin Greenberg']|[]|[]|[]
mattc41190|[]|['mattc41190@gmail.com']|[]|[]
mayawang|['Maya Wang']|[]|[]|[]
mcfatealan|['Chang Lou']|['chlou@jhu.edu']|['Mcfatealan']|['louchang_new@163.com']
melodious|[]|[]|[]|[]
meszibalu|['Balazs Meszaros']|[]|['Balazs Meszaros']|['balazs.meszaros@cloudera.com', 'meszibalu@apache.org']
mfenes|['Mark Fenes']|[]|[]|[]
mikaelstaldal|['Mikael Ståldal']|[]|[]|[]
minseclab|[]|[]|[]|[]
misha-cloudera|[]|[]|[]|[]
mjaow|['jonathanmin']|['mjaow0128@gmail.com']|[]|[]
mjeelanimsft|['Mohamed Jeelani']|['mjeelani@gmail.com']|[]|[]
mkedwards|['Michael K. Edwards']|['m.k.edwards@gmail.com']|[]|[]
mnikhil-git|['Nikhil Mulley']|[]|[]|[]
mookid8000|['Mogens Heller Grabe']|[]|['Mogens Heller Grabe']|['mookid8000@gmail.com']
mordyovits|['Mordy Ovits']|[]|[]|[]
mosuka|['Minoru Osuka']|[]|[]|[]
mowinckel|[]|[]|[]|[]
mprimi|['Marco Primi']|[]|[]|[]
nameof|['程攀']|['constexpr@foxmail.com']|[]|[]
narahari92|['Hosur Narahari']|['hnr1992@gmail.com']|[]|[]
nddipiazza|['Nicholas DiPiazza']|[]|[]|[]
nedelchev|['ivailo nedelchev']|[]|[]|[]
nerdyyatrice|['Ryan Zhang']|['yzhang8@gmail.com']|[]|[]
nicktrav|['Nick Travers']|[]|[]|[]
nicolasguyomar|[]|[]|['nicolasguyomar']|['nicolas.guyomar@gmail.com']
nikhilbhide|['Nikhil Bhide']|['nikhilbhide15@gmail.com']|['Nikhil Bhide']|['nikhilbhide15@gmail.com']
nileader|['银时（ni掌柜）']|['nileader@gmail.com']|[]|[]
nishanth-entoor|[]|[]|[]|[]
nkalmar|['Norbert Kalmar']|['nkalmar@apache.org']|['Norbert Kalmar']|['nkalmar@yahoo.com']
noarter|['noarter']|[]|[]|[]
normanmaurer|['Norman Maurer']|['norman_maurer@apple.com']|[]|[]
not-for-me|['NFM']|['jwj0831@gmail.com']|[]|[]
nrvnrvn|['Nick Revin']|[]|[]|[]
okidailthief|['Zach']|['zachary.bedell@gmail.com']|[]|[]
ollie314|['Mehdi Lefebvre']|['mehdi.lefebvre@gmail.com']|[]|[]
omalley|"[""Owen O'Malley""]"|['omalley@apache.org']|"[""Owen O'Malley""]"|['omalley@apache.org']
oscerd|['Andrea Cosentino']|['ancosen@gmail.com']|[]|[]
packysauce|['Patrick White']|['patrick@patrickwhite.org']|['Patrick White']|['patrick@patrickwhite.org']
paulmillar|['Paul Millar']|[]|[]|[]
phunt|['Patrick Hunt']|['phunt1@gmail.com']|['Patrick Hunt', 'Patrick D. Hunt']|['phunt@apache.org', 'phunt1@gmail.com']
pmoust|['Panagiotis Moustafellos']|['pmoust@elastic.co']|[]|[]
pono|['Daniel Pono Takamori']|['pono@apache.org']|[]|[]
poponiv|['Niv Dadush']|[]|[]|[]
praste|['Pushkar Raste']|[]|[]|[]
pravsingh|['Praveendra Singh']|['psinghiitr@gmail.com']|[]|[]
proller|[]|[]|['proller']|['proller@github.com']
pyx1990|['Luffy Pan']|['panyuxuan@cmss.chinamobile.com']|['panyuxuan']|['panyuxuan@cmss.chinamobile.com']
qayshp|['Qays H. Poonawala']|['qayshp@gmail.com']|[]|[]
qiaohaijun|['qiao hai-jun']|[]|[]|[]
qihongxu|['Qihong Xu']|[]|['Qihong Xu']|['qihongxu@bu.edu']
qingmo|[]|[]|[]|[]
rakeshadr|['Rakesh Radhakrishnan']|['rakeshr@apache.org']|['Rakesh Radhakrishnan']|['rakeshr@apache.org']
rakeshrapache|['Rakesh Radhakrishnan Potty']|['rakeshr.radhakrishnan.potty@intel.com']|[]|[]
ralic|['Ralic Lo']|['raliclo@gmail.com']|[]|[]
ralph-tice|[]|[]|[]|[]
ramu11|['Ramu']|[]|[]|[]
ravowlga123|[]|['ravowlga@gmail.com']|['ravowlga123']|['ravowlga@gmail.com']
rcillo|['Ricardo de Cillo']|[]|[]|[]
revans2|['Robert (Bobby) Evans']|[]|[]|[]
rgs1|['Raúl Gutiérrez Segalés']|[]|['Raul Gutierrez Segales', 'Raul Gutierrez S', 'Raúl Gutiérrez Segalés']|['rgs@apache.org', 'rgs@pinterest.com']
riccardofreixo|['Riccardo Freixo']|[]|[]|[]
rkanter|['Robert Kanter']|[]|[]|[]
ronin13|['Raghavendra D Prabhu']|['me@rdprabhu.com']|['Raghavendra Prabhu']|['me@rdprabhu.com']
roodkcab|['buaacss']|[]|[]|[]
roy2220|"[""Roy O'Young""]"|[]|[]|[]
rthille|['Robert Thille']|['com-github@rangat.org']|[]|[]
s4s0l|['Marcin Wielgus']|['public.sasol@outlook.com']|[]|[]
sangitanalkar|[]|[]|['sangitanalkar']|['snalkar@us.ibm.com']
sauravhaloi|['Saurav Haloi']|[]|[]|[]
sel-fish|['sel-fish']|['fqlgy@hotmail.com']|['sel-fish']|['fqlgy@hotmail.com']
sgrillon14|['Stéphane GRILLON']|['sgrillon@hotmail.fr']|[]|[]
shayhatsor|['Shay Hazor']|['shayhatsor@gmail.com']|[]|[]
shinya1020|['Shinya Kawano']|[]|[]|[]
shralex|[]|[]|['Alexander Shraer']|['ashraer@apple.com', 'shralex@gmail.com']
skamille|['Camille Fournier']|[]|['Camille Fournier']|['camille@apache.org']
skye|['Skye Wanderman-Milne']|['skyewm@gmail.com']|[]|[]
sl4mmy|['Kent R. Spillner']|['kspillner@acm.org']|['Kent R. Spillner']|['kspillner@acm.org']
smg247|['Stephen Goeddel']|[]|[]|[]
soarpenguin|['soarpenguin']|['soarpenguin@gmail.com']|[]|[]
soleger|['Seth Leger']|[]|[]|[]
sonymoon|['bailei']|['bailei120@163.com']|[]|[]
spectatorwatcher|['spectator']|[]|[]|[]
srikanth-viswanathan|['Srikanth Viswanathan']|[]|['Srikanth Viswanathan']|['srikanthv2@gmail.com']
sriramch|[]|[]|[]|[]
sslavic|['Stevo Slavić']|['sslavic@gmail.com']|[]|[]
stanlyDoge|['Stanislav Knot']|[]|['Stanislav Knot']|['sknot@redhat.com']
stevenjm|['Steven McDonald']|[]|['Steven McDonald']|['steven.mcdonald@usabilla.com']
stickyhipp|['Peter Welch']|[]|[]|[]
stuhood|['Stu Hood']|['stuhood@twitter.com']|[]|[]
sugartxy|['Tang Xinye']|['tangxinye.tina@gmail.com']|[]|[]
suhasdantkale|[]|[]|[]|[]
sujithsimon22|['Sujith Simon']|['sujith.abraham.simon@huawei.com']|['Sujith Simon']|['sujith.abraham.simon@huawei.com']
sumitagrawl|[]|[]|[]|[]
suyogmapara|[]|[]|[]|[]
swallez|['Sylvain Wallez']|[]|[]|[]
symat|['Mate Szalay-Beko']|['szalay.beko.mate@gmail.com']|['Mate Szalay-Beko']|['szalay.beko.mate@gmail.com']
szepet|['Péter Szécsi']|['szepet95@gmail.com']|['szepet']|['szepet95@gmail.com']
tamaashu|['Tamás Pénzes']|[]|['Tamas Penzes']|['tamaas@cloudera.com']
tdunning|['Ted Dunning']|[]|[]|[]
tedyu|['Ted Yu']|['yuzhihong@gmail.com']|['tedyu']|['yuzhihong@gmail.com']
the-xs|[]|[]|[]|[]
thelordpsy|[]|[]|[]|[]
thughes|['Tom Hughes']|[]|[]|[]
tianrobin|['robin']|['zedong_tian@live.cn']|[]|[]
tillt|['Till Toenshoff']|['toenshoff@me.com']|[]|[]
timelapsewithinlive|[]|[]|[]|[]
timothyjward|['Tim Ward']|[]|['Tim Ward']|['timothyjward@apache.org']
tmancill|[]|[]|[]|[]
tnewman16|['Tyler Newman']|['newmantp@g.cofc.edu']|[]|[]
tophei|[]|[]|[]|[]
troodes|[]|[]|[]|[]
tschuettel|['Thomas Schuettel']|[]|[]|[]
tteats|['Torrey Teats']|[]|[]|[]
tudor|['Tudor Bosman']|['tudorb@gmail.com']|[]|[]
tumativ|['Venkateswarlu Tumati']|['tumativ@gmail.com']|[]|[]
twotwo7|['HeHao']|[]|[]|[]
tyqtyqtyq|['TYQ_IT']|[]|[]|[]
tywe|['baichuan']|['tywei@qq.com']|[]|[]
upangit|[]|[]|['Umesh Panchaksharaiah']|['upangit@users.noreply.github.com']
vespian|['Paweł Rozlach']|[]|[]|[]
vincentpoon|['Vincent Poon']|[]|[]|[]
vivekpatani|['Please No Tracking']|[]|[]|[]
vladimirivic|['Vladimir Ivić']|[]|['Vladimir Ivić', 'Vladimir Ivic']|['vladimir.ivic@me.com']
vtumati:vtumati@paypal.com|[]|[]|['vtumati']|['vtumati@paypal.com']
wangchaod|[]|[]|[]|[]
wangfengqi2010|[]|['wangfengqi2010@163.com']|[]|[]
wangjinjing|['QiqiBaba']|[]|[]|[]
wesc|['Wes Chow']|[]|[]|[]
wilsonwen|['wilson']|['wilson.wen.chn@gmail.com']|[]|[]
woojin.joe:woojin.joe@linecorp.com|[]|[]|['woojin.joe']|['woojin.joe@linecorp.com']
wordfeng|['慕华']|['aegon4targaryen@163.com']|[]|[]
worstprogrammerCN|[]|[]|[]|[]
wuwen5|['wuwen']|['wuwen.55@aliyun.com']|[]|[]
xfm18901105|[]|[]|[]|[]
xiangyq000|['Gil Xiang']|['xiangyq000@qq.com']|[]|[]
xiaodongHu1|[]|[]|[]|[]
xiaoed|['xiaoed']|['xiaoed.zb@gmail.com']|[]|[]
xiaolige945|['lion.lee']|['lion@cragon.cn']|[]|[]
xingkudu|['Hugo']|[]|[]|[]
xoiss|['Alexander A. Strelets']|[]|['Alexander A. Strelets']|['streletsaa@gmail.com']
xoiss:xoiss@ubuntu|[]|[]|['xoiss']|['xoiss@ubuntu']
xy24|['Xiangyu Yao']|['xiangyu.yao24@gmail.com']|[]|[]
yaojingguo|['Jingguo Yao']|['yaojingguo@gmail.com']|['Jingguo Yao']|['yaojingguo@gmail.com']
yfxhust|[]|[]|[]|[]
yisong-yue|['Yisong Yue']|['yisongyue@fb.com']|['Yisong Yue']|['yisongyue@fb.com']
ykgarfield|['ykgarfield']|['yklovejava@163.com']|[]|[]
ykunda|['ykunda']|[]|['yaniv.kunda']|['yaniv@kundas.net']
yongtang|['Yong Tang']|['yong.tang.github@outlook.com']|[]|[]
youngwan657|['youngwan.lim']|['tiny657@gmail.com']|[]|[]
yuchao86|['余超']|['yuchao86@sina.cn']|[]|[]
yufeldman|['Yuliya Feldman']|[]|[]|[]
yunfan123|[]|[]|[]|[]
yunwan|['chencb']|['ccbyunwan@gmail.com']|[]|[]
yvf|[]|[]|[]|[]
zhangbo:zhangbo01@dafy.com|[]|[]|['zhangbo']|['zhangbo01@dafy.com']
zodvik|['Nikhil Bafna']|[]|[]|[]
ztzg|['Damien Diederen']|['dd@crosstwine.com']|['Damien Diederen']|['dd@crosstwine.com']
zzcoder|[]|[]|[]|[]
