login|name_github|email_github|name_git|email_git
0xmax|['Max Buschner']|[]|[]|[]
1028332163|['lasynchronous']|['1028332163@qq.com']|['1028332163']|['1028332163@qq.com']
11moon11|['Kirill Kozlov']|[]|['kirillkozlov', 'Kirill Kozlov']|['kirillkozlov@google.com', '8753059+11moon11@users.noreply.github.com', 'kirill23.1997@gmail.com']
397090770|['wyp']|[]|['iteblog']|['wyphao.2007@163.com']
=:=|[]|[]|['=']|['=']
AaronLeeIV|['Aaron Li']|[]|['Aaron Li']|['AaronLeeIV@users.noreply.github.com']
Ahmet Altay:altay@altay-macbookpro2.roam.corp.google.com|[]|[]|['Ahmet Altay']|['altay@altay-macbookpro2.roam.corp.google.com']
Ajo Thomas:athomas1@godaddy.com|[]|[]|['Ajo Thomas']|['athomas1@godaddy.com']
Alan Myrvold:alan@Alans-MacBook.local|[]|[]|['Alan Myrvold']|['alan@Alans-MacBook.local']
Alan Myrvold:amyrvold@amyrvold-macbookpro.roam.corp.google.com|[]|[]|['Alan Myrvold']|['amyrvold@amyrvold-macbookpro.roam.corp.google.com']
Alex Amato:ajamato@ajamato-linux0.sea.corp.google.com|[]|[]|['Alex Amato']|['ajamato@ajamato-linux0.sea.corp.google.com']
Alex Amato:ajamato@ajamato2016.sea.corp.google.com|[]|[]|['Alex Amato']|['ajamato@ajamato2016.sea.corp.google.com']
Alex Goos:agoos@mac.com|[]|[]|['Alex Goos']|['agoos@mac.com']
AlexKbit|['Alexander Savchenko']|[]|['Alexander Savchenko']|['sav4enkoaleksandr@gmail.com']
Alienero|['Yim']|['yiyan.lu@me.com']|['琨瑜']|['yiyan.lyy@alibaba-inc.com']
Andrea Foegler:foegler@foegler-macbookpro3.roam.corp.google.com|[]|[]|['Andrea Foegler']|['foegler@foegler-macbookpro3.roam.corp.google.com']
Ankit Jhalaria:ajhalaria@godaddy.com|[]|[]|['Ankit Jhalaria']|['ajhalaria@godaddy.com']
Ankur Goenka:goenka@goenka.svl.corp.google.com|[]|[]|['Ankur Goenka']|['goenka@goenka.svl.corp.google.com']
Anton Kedin:kedin@kedin-macbookpro.roam.corp.google.com|[]|[]|['Anton Kedin']|['kedin@kedin-macbookpro.roam.corp.google.com']
Ardagan|['Mikhail Gryzykhin']|[]|['Mikhail Gryzykhin']|['12602502+Ardagan@users.noreply.github.com', 'migryz@google.com', 'gryzykhin.mikhail@gmail.com']
Ardagan1|[]|[]|[]|[]
ArnaudFnr|['Arnaud Fournier']|['afournier@talend.com']|['Arnaud', 'Arnaud Fournier']|['arnaudfournier921@gmail.com']
ArnaudFnr:arnaudfournier021@gmail.com|[]|[]|['ArnaudFnr']|['arnaudfournier021@gmail.com']
Arqu|['Asmir Avdicevic']|['asmir.avdicevic64@gmail.com']|[]|[]
Austin.Bennett:austin.bennett@mbp.Academy-AP|[]|[]|['Austin.Bennett']|['austin.bennett@mbp.Academy-AP']
B M VISHWAS:b_m.vishwas@nokia.com|[]|[]|['B M VISHWAS']|['b_m.vishwas@nokia.com']
Babu:barbora.cervenkova@firma.seznam.cz|[]|[]|['Babu']|['barbora.cervenkova@firma.seznam.cz']
Ben Chambers:bchambers@bchambers-macbookpro2.roam.corp.google.com|[]|[]|['Ben Chambers']|['bchambers@bchambers-macbookpro2.roam.corp.google.com']
Ben Chambers:bchambers@google.com|[]|[]|['Ben Chambers']|['bchambers@google.com']
BenFradet|['Ben Fradet']|[]|[]|[]
Benson Margulies:bimargulies@bimargulies.sea.corp.google.com|[]|[]|['Benson Margulies']|['bimargulies@bimargulies.sea.corp.google.com']
Bingfeng Shu:bshu@bshu.svl.corp.google.com|[]|[]|['Bingfeng Shu']|['bshu@bshu.svl.corp.google.com']
BingfengShu|['Bingfeng Shu']|[]|['Bingfeng Shu']|['44354306+BingfengShu@users.noreply.github.com']
Borisa Zivkovic:borisa.zivkovic@huawei.com|[]|[]|['Borisa Zivkovic']|['borisa.zivkovic@huawei.com']
Braden Bassingthwaite:bbassingthwaite@vendasta.com|[]|[]|['Braden Bassingthwaite']|['bbassingthwaite@vendasta.com']
Brian Foo:bfoo@bfoo-macbookpro.roam.corp.google.com|[]|[]|['Brian Foo']|['bfoo@bfoo-macbookpro.roam.corp.google.com']
CaoManhDat|['Cao Manh Dat']|['caomanhdat317@gmail.com']|['Cao Manh Dat']|['datcm@apache.org']
Carl McGraw:carlm@accretivetg.com|[]|[]|['Carl McGraw']|['carlm@accretivetg.com']
Carlos Alonso:carlos.alonso@cabify.com|[]|[]|['Carlos Alonso']|['carlos.alonso@cabify.com']
Cerny Ondrej:ondrej.cerny@firma.seznam.cz|[]|[]|['Cerny Ondrej']|['ondrej.cerny@firma.seznam.cz']
Chamikara Jayalath:chamikara@chamikara-linux.svl.corp.google.com|[]|[]|['Chamikara Jayalath']|['chamikara@chamikara-linux.svl.corp.google.com']
Chandni Singh:chandni.singh@capitalone.com|[]|[]|['Chandni Singh']|['chandni.singh@capitalone.com']
Charith Ellawala:charith.ellawala@gmail.com|[]|[]|['Charith Ellawala']|['charith.ellawala@gmail.com']
ChethanUK|['ChethanU']|['chethanuk@outlook.com']|['ChethanU']|['chethanuk@outlook.com']
ClaireMcGinty|['Claire McGinty']|[]|['Claire McGinty']|['clairem@spotify.com', 'claire.d.mcginty@gmail.com']
Colin Phipps:fipsy@google.com|[]|[]|['Colin Phipps']|['fipsy@google.com']
CraigChambersG|[]|[]|['Craig Chambers', 'CraigChambersG', 'chambers']|['chambers@google.com', '45049052+CraigChambersG@users.noreply.github.com']
Cyrus Maden:cyrus_maden@brown.edu|[]|[]|['Cyrus Maden']|['cyrus_maden@brown.edu']
DAAC|['Dante']|['daac99@gmail.com']|['Dante']|['daac99@gmail.com']
Dan Duong:danduong@google.com|[]|[]|['Dan Duong']|['danduong@google.com']
Daniel Mescheder:daniel.mescheder@tomtom.com|[]|[]|['Daniel Mescheder']|['daniel.mescheder@tomtom.com']
Daniel Mills:millsd@millsd.sea.corp.google.com|[]|[]|['Daniel Mills']|['millsd@millsd.sea.corp.google.com']
DanielMe|['Daniel Mescheder']|[]|[]|[]
DannyLee12|['Daniel Lee']|['daniel@dotmodus.com']|[]|[]
DariuszAniszewski|['Dariusz Aniszewski']|[]|['Dariusz Aniszewski']|['dariusz.aniszewski@polidea.com', 'dariusz@aniszewski.eu']
Dat Tran:dattran@sentifi.com|[]|[]|['Dat Tran']|['dattran@sentifi.com']
David Alves:david.alves@cloudera.com|[]|[]|['David Alves']|['david.alves@cloudera.com']
David Cavazos:davido262@gmail.com|[]|[]|['David Cavazos']|['davido262@gmail.com']
David Desberg:david.desberg@uber.com|[]|[]|['David Desberg']|['david.desberg@uber.com']
David Hrbacek:david.hrbacek@firma.seznam.cz|[]|[]|['David Hrbacek']|['david.hrbacek@firma.seznam.cz']
DavidB:david.billings@gandlake.com|[]|[]|['DavidB']|['david.billings@gandlake.com']
Derrex96|[]|[]|[]|[]
Dipti Kulkarni:dipti_dkulkarni@persistent.co.in|[]|[]|['Dipti Kulkarni']|['dipti_dkulkarni@persistent.co.in']
DrIgor|[]|[]|[]|[]
Drake8710|[]|[]|[]|[]
Druid3000|['Sarvarov Sergey']|[]|[]|[]
EDjur|['Elias Djurfeldt']|[]|['Elias Djurfeldt']|['elias.djurfeldt@avalonsolutions.com']
EdgarLGB|['Bobo']|[]|['EdgarLGB']|['lgb_edgar@outlook.com']
Elliott Brossard:elliottb@google.com|[]|[]|['Elliott Brossard']|['elliottb@google.com']
ElliottBrossard|['Elliott Brossard']|[]|[]|[]
EricBeach|['EB']|[]|['Eric Beach']|['ebeach@google.com']
Etienne Chauchot and Jean-Baptiste Onofré:echauchot@gmail.com+jbonofre@apache.org|[]|[]|['Etienne Chauchot and Jean-Baptiste Onofré']|['echauchot@gmail.com+jbonofre@apache.org']
Exprosed|[]|[]|['Exprosed']|['larryruili@gmail.com']
Fematich|['Matthias Feys']|[]|['Matthias Feys']|['matthias@ml6.eu', 'matthiasfeys@hotmail.com', 'matthiasfeys@gmail.com']
Flavio Fiszman:flaviocf@flaviocf-macbookpro.roam.corp.google.com|[]|[]|['Flavio Fiszman']|['flaviocf@flaviocf-macbookpro.roam.corp.google.com']
Fokko|['Fokko Driesprong']|['fokko@apache.org']|[]|[]
GlennAmmons|[]|[]|['GlennAmmons']|['ammons@google.com']
Grypse|['PengYuan']|['yuanpengfred@gmail.com']|['kevin']|['yuanpengfred@gmail.com']
Grzegorz Kołakowski:grzegorz.kolakowski@getindata.com|[]|[]|['Grzegorz Kołakowski']|['grzegorz.kolakowski@getindata.com']
Gus Katsiapis:katsiapis@katsiapis-linux.mtv.corp.google.com|[]|[]|['Gus Katsiapis']|['katsiapis@katsiapis-linux.mtv.corp.google.com']
Hannah-Jiang|['Hannah Jiang']|[]|['Hannah Jiang']|['hannahjiang@google.com', 'Hannah-Jiang@users.noreply.github.com']
Henri-Mayeul de Benque:hmdebenque@talend.com|[]|[]|['Henri-Mayeul de Benque']|['hmdebenque@talend.com']
HuangLED|['Ruoyun Huang']|['ruoyun.huang@gmail.com']|['Ruoyun Huang', 'Ruoyun']|['huangry@gmail.com', 'ruoyun.huang@gmail.com']
Huygaa Batsaikhan:batbat@batbat-linuxworkstation.sea.corp.google.com|[]|[]|['Huygaa Batsaikhan']|['batbat@batbat-linuxworkstation.sea.corp.google.com']
IamMujuziMoses|[]|[]|[]|[]
Igosuki|['Guillaume Balaine']|['igosuki+github@gmail.com']|[]|[]
Ilya Ganelin:ilya.ganelin@capitalone.com|[]|[]|['Ilya Ganelin']|['ilya.ganelin@capitalone.com']
Jacob Marble:jmarble@kochava.com|[]|[]|['Jacob Marble']|['jmarble@kochava.com']
JaewooKim0|['Jae-woo Kim']|[]|['Jae-woo Kim']|['jw.listener.kim@gmail.com']
Jan Lukavsky:jan.lukavsky@firma.seznam.cz|[]|[]|['Jan Lukavsky']|['jan.lukavsky@firma.seznam.cz']
JasonMWhite|['Jason White']|['jason.white@shopify.com']|['Jason White']|['jason.white@shopify.com']
Javier Antonio Gonzalez Trejo:javier.antonio.gonzalez.trejo@gmail.com|[]|[]|['Javier Antonio Gonzalez Trejo']|['javier.antonio.gonzalez.trejo@gmail.com']
JawadHyder|['Jawad']|['jawadhyder15@gmail.com']|['Jawad']|['jawadhyder15@gmail.com']
Jdban|['Jason Banich']|[]|[]|[]
JeremyHurwitz|['Jeremy Hurwitz']|[]|['hurwitz']|['hurwitz@google.com']
JianfengQian|['Jianfeng Qian']|[]|['JianfengQian']|['Jianfeng.Qian@outlook.com']
JingsongLi|['Jingsong Lee']|['lzljs3620320@aliyun.com']|['JingsongLi']|['lzljs3620320@aliyun.com']
Jins George:jins.george@aeris.net|[]|[]|['Jins George']|['jins.george@aeris.net']
Jofre|['Jofre']|[]|['Jofre']|['jofre.rs@gmail.com', 'jofre@google.com']
JohnRudolfLewis|['John Rudolf Lewis']|['johnrlewis@gmail.com']|[]|[]
JohnZZGithub|[]|[]|['JohnZZGithub']|['JohnZZGithub@users.noreply.github.com']
JoshFerge|['Josh Ferge']|[]|[]|[]
Joshua Litt:joshualitt@joshualitt.mtv.corp.google.com|[]|[]|['Joshua Litt']|['joshualitt@joshualitt.mtv.corp.google.com']
Jozef Vilcek:Jozef.Vilcek@sizmek.com|[]|[]|['Jozef Vilcek']|['Jozef.Vilcek@sizmek.com']
JozoVilcek|['Jozef Vilcek']|[]|['Jozef Vilcek']|['jozo.vilcek@gmail.com']
Juan Rael:juan@qlogic.io|[]|[]|['Juan Rael']|['juan@qlogic.io']
Julien L:ordirules@gmail.com|[]|[]|['Julien L']|['ordirules@gmail.com']
Juliet Hougland:juliet@cloudera.com|[]|[]|['Juliet Hougland']|['juliet@cloudera.com']
Juta|['Juta Staes']|[]|['Juta Staes', 'Juta']|['juta.staes@gmail.com', 'juta_staes@hotmail.com']
Jára Vaněk:jaromir.vanek2@firma.seznam.cz|[]|[]|['Jára Vaněk']|['jaromir.vanek2@firma.seznam.cz']
KangZhiDong|['康智冬']|['worldkzd@gmail.com']|['康智冬', 'KangZhiDong']|['worldkzd@gmail.com']
Karen Nino:knino@google.com|[]|[]|['Karen Nino']|['knino@google.com']
KazimRichatds|[]|[]|[]|[]
KesterTong|['Kester Tong']|[]|[]|[]
Kevin Peterson:kpeterson@nestlabs.com|[]|[]|['Kevin Peterson']|['kpeterson@nestlabs.com']
KevinGG|['Ning Kang']|['kawaigin@gmail.com']|['Ning Kang', 'NING KANG']|['kawaigin@gmail.com']
KumarKishan|['KISHAN KUMAR']|['kishan_kr@live.com']|[]|[]
LarsOL|['Lars Lawoko']|[]|[]|[]
Leen Toelen:leen.toelen@tomtom.com|[]|[]|['Leen Toelen']|['leen.toelen@tomtom.com']
Leonardo Alves Miguel:leonardo.miguel@arquivei.com.br|[]|[]|['Leonardo Alves Miguel']|['leonardo.miguel@arquivei.com.br']
LesTR|['Lukas Drbal']|[]|['Lukas Drbal']|['lukas.drbal@gmail.com']
LiQusha|[]|[]|[]|[]
Lucas Amorim:lucasamorim@Lucass-MBP.hitronhub.home|[]|[]|['Lucas Amorim']|['lucasamorim@Lucass-MBP.hitronhub.home']
Lucas Amorim:lucasamorim@Lucass-MacBook-Pro.local|[]|[]|['Lucas Amorim']|['lucasamorim@Lucass-MacBook-Pro.local']
Luis-MX|['Luis Enrique Ortíz Ramirez']|['luisortramirez2211@gmail.com']|['Luis Enrique Ortiz Ramirez', 'Luis Enrique Ortíz Ramirez']|['luisortramirez2211@gmail.com']
Luke Cwik:lcwik@visitor-lcwik.wat.corp.google.com|[]|[]|['Luke Cwik']|['lcwik@visitor-lcwik.wat.corp.google.com']
Lusitanian|['David Desberg']|['david.desberg@microsoft.com']|[]|[]
Magnus Runesson:magru@spotify.com|[]|[]|['Magnus Runesson']|['magru@spotify.com']
Mairbek Khadikov:mairbek@google.com|[]|[]|['Mairbek Khadikov']|['mairbek@google.com']
Marian Dvorsky:mariand@google.com|[]|[]|['Marian Dvorsky']|['mariand@google.com']
Mark Liu:markliu@markliu-macbookpro.roam.corp.google.com|[]|[]|['Mark Liu']|['markliu@markliu-macbookpro.roam.corp.google.com']
Mark Liu:markliu@markliu-macbookpro2.roam.corp.google.com|[]|[]|['Mark Liu']|['markliu@markliu-macbookpro2.roam.corp.google.com']
Mark Liu:markliu@markliu.svl.corp.google.com|[]|[]|['Mark Liu']|['markliu@markliu.svl.corp.google.com']
Mark Liu:markliu@markliu0.mtv.corp.google.com|[]|[]|['Mark Liu']|['markliu@markliu0.mtv.corp.google.com']
MarkDaoust|['Mark Daoust']|[]|['Mark Daoust']|['markdaoust@google.com']
María García Herrero:mariagh@mariagh.svl.corp.google.com|[]|[]|['María García Herrero']|['mariagh@mariagh.svl.corp.google.com']
MattMorgis|['Matt Morgis']|['matt@rappiddevelopment.com']|['Matt Morgis']|['matthew.morgis@gmail.com']
MeTaNoV|['Pascal Gula']|['pascal.gula@gmail.com']|['Pascal Gula']|['pascal.gula@gmail.com']
Mergebot:mergebot@apache.org|[]|[]|['Mergebot']|['mergebot@apache.org']
Michael Luckey:michael.luckey@ext.gfk.com|[]|[]|['Michael Luckey']|['michael.luckey@ext.gfk.com']
Mike Pedersen:mp@enversion.dk|[]|[]|['Mike Pedersen']|['mp@enversion.dk']
Mikhail Gryzykhin:mikhail@apache.org|[]|[]|['Mikhail Gryzykhin']|['mikhail@apache.org']
Mikhail Gryzykhin:owen@MIGRYZ-DEB-DEV1.HOME|[]|[]|['Mikhail Gryzykhin']|['owen@MIGRYZ-DEB-DEV1.HOME']
Mikhail-Ivanov|['Mikhail Ivanov']|['mikhail.ivanov8@gmail.com']|['Mikhail-Ivanov']|['mikhail.ivanov8@gmail.com']
Miles Saul:msaul@msaul0.wat.corp.google.com|[]|[]|['Miles Saul']|['msaul@msaul0.wat.corp.google.com']
N3da|['Neda Mirian']|[]|['Neda Mirian']|['nedam@google.com', 'neda.mirian@gmail.com']
Nathan Howell:nhowell@godaddy.com|[]|[]|['Nathan Howell']|['nhowell@godaddy.com']
NathanHowell|['Nathan Howell']|['nathan.d.howell@gmail.com']|[]|[]
Neelesh Srinivas Salian:nsalian@cloudera.com|[]|[]|['Neelesh Srinivas Salian']|['nsalian@cloudera.com']
Nicolas Delsaux:nicolas.delsaux@zenika.com|[]|[]|['Nicolas Delsaux']|['nicolas.delsaux@zenika.com']
Nigel Kilmer:nkilmer@google.com|[]|[]|['Nigel Kilmer']|['nkilmer@google.com']
NikeNano|['Niklas Hansson']|[]|['Niklas Hansson']|['niklas.sven.hansson@gmail.com']
Ning Kang:ningk@ningk-macbookpro.roam.corp.google.com|[]|[]|['Ning Kang']|['ningk@ningk-macbookpro.roam.corp.google.com']
Nisuuum|['Evgeniy Musin']|[]|[]|[]
NithinKumaraNT|['Nithin Kumara N T']|[]|[]|[]
Novotnik, Petr:petr.novotnik@firma.seznam.cz|[]|[]|['Novotnik, Petr']|['petr.novotnik@firma.seznam.cz']
Ole Langbehn:ole.langbehn@inoio.de|[]|[]|['Ole Langbehn']|['ole.langbehn@inoio.de']
Ondrej Kvasnicka:ondrej.kvasnicka@firma.seznam.cz|[]|[]|['Ondrej Kvasnicka']|['ondrej.kvasnicka@firma.seznam.cz']
PandaMonkey|[]|[]|[]|[]
Paul Gerver:pgerver@us.ibm.com|[]|[]|['Paul Gerver']|['pgerver@us.ibm.com']
PaulVelthuis93|[]|[]|['PaulVelthuis93']|['paulvelthuis93@gmail.com']
Pavel Slechta:pavel.slechta@firma.seznam.cz|[]|[]|['Pavel Slechta']|['pavel.slechta@firma.seznam.cz']
Pehat|['Renat Nasyrov']|[]|['Renat Nasyrov']|['renat-nasyrov@yandex.ru']
Peque|['Miguel Sánchez de León Peque']|[]|[]|[]
Peter Backx:peter.back@tomtom.com|[]|[]|['Peter Backx']|['peter.back@tomtom.com']
PramodSSImmaneni|['Pramod Immaneni']|['pramod@apache.org']|['Pramod Immaneni']|['pramod@datatorrent.com']
Prem Kumar Karunakaran:p.karunakaran@metrosystems.net|[]|[]|['Prem Kumar Karunakaran']|['p.karunakaran@metrosystems.net']
Primevenn|['Michael']|[]|['Primevenn']|['M.Yzvenn@yahoo.com.au']
RXminuS|['Rik']|['riknauta@gmail.com']|[]|[]
Raghu Angadi:rangadi@google.com|[]|[]|['Raghu Angadi']|['rangadi@google.com']
Rahul Sabbineni:duraza@users.noreply.github.com|[]|[]|['Rahul Sabbineni']|['duraza@users.noreply.github.com']
Rehman:rehman.muradali@venturedive.com|[]|[]|['Rehman']|['rehman.muradali@venturedive.com']
Reuven Lax:relax@relax-macbookpro.roam.corp.google.com|[]|[]|['Reuven Lax']|['relax@relax-macbookpro.roam.corp.google.com']
Reuven Lax:relax@relax-macbookpro2.roam.corp.google.com|[]|[]|['Reuven Lax']|['relax@relax-macbookpro2.roam.corp.google.com']
Reuven Lax:relax@relax-macbookpro3.roam.corp.google.com|[]|[]|['Reuven Lax']|['relax@relax-macbookpro3.roam.corp.google.com']
Riduidel|['Nicolas Delsaux']|['nicolas.delsaux@gmail.com']|[]|[]
RinzlerTron|['Dot']|[]|[]|[]
Rob:Robert@fluidly.com|[]|[]|['Rob']|['Robert@fluidly.com']
RobbeSneyders|['Robbe Sneyders']|[]|['Robbe Sneyders', 'robbe']|['robbe.sneyders@ml6.eu', 'robbe.sneyders@gmail.com']
Robert Burke:rober@frantil.com|[]|[]|['Robert Burke']|['rober@frantil.com']
Roberto Congiu:rcongiu@agentace.com|[]|[]|['Roberto Congiu']|['rcongiu@agentace.com']
Robin Qiu:robinyq@rodete-desktop-imager.corp.google.com|[]|[]|['Robin Qiu']|['robinyq@rodete-desktop-imager.corp.google.com']
RochesterinNYC|['James Wen']|['jrw2175@columbia.edu']|['James Wen']|['jrw2175@columbia.edu']
RusOr10n|[]|[]|['RusOr10n']|['56301632+RusOr10n@users.noreply.github.com']
RyanBerti|['Ryan Berti']|[]|['Ryan Berti']|['ryan.berti@quibi.com']
RyanSkraba|[]|[]|['Ryan Skraba', 'RyanSkraba']|['ryan@skraba.com', 'rskraba@talend.com']
SGA-yamashita-kensaku|[]|[]|[]|[]
SJAnderson|['Steven Anderson']|['steven@sjanderson.org']|[]|[]
Sandeep Deshmukh:sandeep@datatorrent.com|[]|[]|['Sandeep Deshmukh']|['sandeep@datatorrent.com']
Scott Wegner:scott@apache.com|[]|[]|['Scott Wegner']|['scott@apache.com']
SehrishNaeemKhan|[]|[]|[]|[]
Shabir1386|['SHABIR JAMEEL']|['shabir1106@gmail.com']|[]|[]
Shnitz|['Andrew Kujtan']|[]|['Shnitz']|['andrewktan@gmail.com']
Shoaib:shoaib.zafaf@venturedive.com|[]|[]|['Shoaib']|['shoaib.zafaf@venturedive.com']
Sindy Li:qinyeli@qinyeli.svl.corp.google.com|[]|[]|['Sindy Li']|['qinyeli@qinyeli.svl.corp.google.com']
SokolovMS|['Mikhail Sokolov']|[]|['SokolovMS']|['m.s.sokolov.92@gmail.com']
Sourabh Bajaj:sourabhbajaj@google.com|[]|[]|['Sourabh Bajaj']|['sourabhbajaj@google.com']
SrinikhilReddy|['Naga Srinikhil Reddy Naravamakula']|['srinikhil.r@gmail.com']|['srinikhil']|['srinikhil.r@gmail.com']
Stepan Kadlec:stepan.kadlec@oracle.com|[]|[]|['Stepan Kadlec']|['stepan.kadlec@oracle.com']
StephanEwen|['Stephan Ewen']|['sewen@apache.org']|['Stephan Ewen']|['sewen@apache.org']
Stijn Decubber:stijn.decubber@ml6.eu|[]|[]|['Stijn Decubber']|['stijn.decubber@ml6.eu']
Sumit Chawla:sumichaw@cisco.com|[]|[]|['Sumit Chawla']|['sumichaw@cisco.com']
TechM-Google|['TechM']|['Pradeeprao.kochale@TechMahindra.com']|[]|[]
TedTed|['Ted']|[]|['Ted']|['damien@desfontain.es']
ThatRfernand|['Rafael Fernandez']|['rfernand@google.com']|['Rafael Fernandez', 'Rafael Fernández', 'rfernand']|['rfernand@google.com']
TheMatrix97|['Marc Catrisse']|['marc@catrisse.net']|[]|[]
TheNeuralBit|['Brian Hulette']|[]|['Brian Hulette']|['bhulette@google.com', 'hulettbh@gmail.com']
Theodore Siu:theosiu@theosiu-macbookpro24.roam.corp.google.com|[]|[]|['Theodore Siu']|['theosiu@theosiu-macbookpro24.roam.corp.google.com']
TimvdLippe|['Tim van der Lippe']|[]|['Tim van der Lippe']|['TimvdLippe@users.noreply.github.com', 'tvanderlippe@google.com']
Tobias Feldhaus:tobias.feldhaus@localsearch.ch|[]|[]|['Tobias Feldhaus']|['tobias.feldhaus@localsearch.ch']
VaclavPlajt|['Vaclav Plajt']|['vaclav.plajt@gmail.com']|['vaclav.plajt@gmail.com', 'Vaclav Plajt']|['vaclav.plajt@firma.seznam.cz', 'vaclav.plajt@gmail.com']
VahidAlizadeh|['Vahid']|['alizadeh@umich.edu']|[]|[]
Vassil Kolarov:vas@vas.io|[]|[]|['Vassil Kolarov']|['vas@vas.io']
Venn001|['Michael Wolanski']|[]|['venn001']|['michael.wolanski@pwc.com']
Wofisdk|['Cody Constine']|[]|[]|[]
Xayley|['Hayley Garment']|[]|[]|[]
Xrampino|['Xavier Rampino']|[]|[]|[]
Xrampino:xrampino@senscritique.com|[]|[]|['Xrampino']|['xrampino@senscritique.com']
XuMingmin|[]|[]|['XuMingmin', 'mingmxu']|['XuMingmin@users.noreply.github.com', 'mingmxu@ebay.com']
Yekut|[]|[]|['Yekut']|['11913274+Yekut@users.noreply.github.com']
Yifan Zou:yifanzou@rodete-desktop-imager.corp.google.com|[]|[]|['Yifan Zou']|['yifanzou@rodete-desktop-imager.corp.google.com']
Yifan Zou:yifanzou@yifanzou-linuxworkstation.sea.corp.google.com|[]|[]|['Yifan Zou']|['yifanzou@yifanzou-linuxworkstation.sea.corp.google.com']
Yifan Zou:yifanzou@yifanzou-macbookpro.roam.corp.google.com|[]|[]|['Yifan Zou']|['yifanzou@yifanzou-macbookpro.roam.corp.google.com']
YuanGunGun|['LiangChen']|['ctongfu@gmail.com']|[]|[]
Yunqing Zhou:zhouyunqing@zhouyunqing-macbookpro.roam.corp.google.com|[]|[]|['Yunqing Zhou']|['zhouyunqing@zhouyunqing-macbookpro.roam.corp.google.com']
Yunqing Zhou:zhouyunqing@zhouyunqing-macbookpro3.roam.corp.google.com|[]|[]|['Yunqing Zhou']|['zhouyunqing@zhouyunqing-macbookpro3.roam.corp.google.com']
Zach Badgett:zach.badgett@rakuten.com|[]|[]|['Zach Badgett']|['zach.badgett@rakuten.com']
Zang:szang@lm-sea-11001278.corp.ebay.com|[]|[]|['Zang']|['szang@lm-sea-11001278.corp.ebay.com']
Zohar Yahav:zoy@giggles.nyc.corp.google.com|[]|[]|['Zohar Yahav']|['zoy@giggles.nyc.corp.google.com']
Zohar Yahav:zoy@smtp.corp.google.com|[]|[]|['Zohar Yahav']|['zoy@smtp.corp.google.com']
ZxXinZhang|[]|[]|[]|[]
aalbatross|['iamrp']|[]|['aalbatross']|['rpathak@gbif.org']
aaltay|['Ahmet Altay']|[]|['Ahmet Altay', 'altay']|['aaltay@gmail.com', 'altay@google.com']
abdullah353|['Abdullah']|[]|['Abdullah Bashir']|['mabdullah353@gmail.com']
acrites|['Andrew Crites']|[]|['Andrew Crites']|['crites@google.com']
adejanovski|['Alexander Dejanovski']|['adejanovski@gmail.com']|['Alexander Dejanovski']|['alex@thelastpickle.com']
adranwit|[]|[]|[]|[]
adsouza|"[""Antonio D'souza""]"|[]|"[""Antonio D'souza""]"|['adsouza@gmail.com']
adude3141|['Michael Luckey']|[]|['Michael Luckey']|['25622840+adude3141@users.noreply.github.com']
afcastano|['Andres Castano']|[]|[]|[]
ageron|['Aurélien Geron']|[]|['Aurélien Geron']|['ageron@users.noreply.github.com']
aijamalnk|['Aizhamal Nurmamat kyzy']|['aizhamal.nk@gmail.com']|['Aizhamal Nurmamat kyzy']|['aizhamal.nk@gmail.com']
ajamato|['Alex Amato']|[]|['Alex Amato', 'ajamato']|['ajamato@google.com']
ajothomas|['ajo thomas']|[]|[]|[]
akankshajain18|[]|[]|[]|[]
akedin|['Anton Kedin']|[]|['akedin', 'Anton Kedin']|['kedin@google.com', '33067037+akedin@users.noreply.github.com']
alafanechere|['Augustin']|[]|[]|[]
alanmyrvold|['Alan Myrvold']|[]|['Alan Myrvold']|['amyrvold@google.com', 'alan.myrvold@comcast.net']
alex-filatov|['Alex Filatov']|[]|['Alex Filatov']|['alex-filatov@users.noreply.github.com']
alexandrvl|[]|[]|[]|[]
alexvanboxel|['Alex Van Boxel']|['alex@vanboxel.be']|['Alex Van Boxel']|['alex@vanboxel.be']
aljoscha|['Aljoscha Krettek']|[]|['Aljoscha Krettek']|['aljoscha.krettek@gmail.com']
allieychen|['Allie Chen']|[]|[]|[]
altay|['Altay Guvench']|[]|[]|[]
amaliujia|['Rui Wang']|[]|['Rui Wang', 'amaliujia']|['amaliujia@users.noreply.github.com', 'amaliujia@gmail.com', 'amaliujia@163.com']
aman-ebay|[]|[]|['amancuso']|['amancuso@google.com']
amarouni|['Abbass Marouni']|[]|['Abbass MAROUNI']|['amarouni@talend.com']
amitsela|['Amit Sela']|[]|['Amit Sela', 'Sela']|['amitsela33@gmail.com', 'ansela@paypal.com']
amoght|['amoght']|[]|[]|[]
amotamed|['Artie Motamed']|[]|[]|[]
amygdala|['Amy']|[]|['amyu']|['amyu@google.com']
ananvay|[]|[]|['Harsh Vardhan', 'ananvay']|['ananvay@google.com']
ananvay:ananvay2000@yahoo.com|[]|[]|['ananvay']|['ananvay2000@yahoo.com']
andersgoog|[]|[]|['andersjohnson']|['andersjohnson@google.com']
andrefaraujo|['André Araujo']|[]|['Andre Araujo']|['andrearaujo@google.com']
andreich|['Andrei Chirila']|[]|['andreich']|['andreich@google.com']
andreimaksimenka|['Andrei Maksimenka']|[]|['amaksimenka']|['amaksimenka@google.com']
andrew-flumaion|[]|[]|['Andrew Fulton']|['andrew@flumaion.com', 'afulton@me.com']
andrewsmartin|['Andrew Martin']|['andrewsmartin.mg@gmail.com']|['Andrew Martin']|['andrewsmartin.mg@gmail.com', 'amartin@spotify.com']
andyxiexu|[]|[]|[]|[]
aneeshnaman:aneeshnaman@google.com|[]|[]|['aneeshnaman']|['aneeshnaman@google.com']
angoenka|['Ankur']|[]|['Ankur', 'Ankur Goenka']|['angoenka@users.noreply.github.com', 'ankurgoenka@gmail.com']
anguillanneuf|['Tianzi Cai']|[]|['Tianzi Cai']|['tianzih@outlook.com']
angulartist|['Arouf Gangsta']|[]|['angulartist']|['34425799+angulartist@users.noreply.github.com']
anilmuppalla|['Anil Muppalla']|['anil.kumar.848@gmail.com']|['Anil Muppalla']|['anil@spotify.com']
ankita4sq|['Ankita Nellimarla']|['ankita@foursquare.com']|[]|[]
antonymayi|[]|[]|[]|[]
apilloud|['Andrew Pilloud']|[]|['Andrew Pilloud']|['apilloud@users.noreply.github.com', 'apilloud@google.com']
app-tarush|['Tarush Grover']|['tarushapptech@gmail.com']|['tarushapptech']|['tarushapptech@gmail.com']
appaquet|['Andre-Philippe Paquet']|[]|['Andre-Philippe Paquet']|['appaquet@gmail.com']
apstndb|[]|[]|['apstndb']|['gamaguchi@gmail.com']
arkash|[]|['kashyap@qlogic.io']|['arkash']|['35550199+arkash@users.noreply.github.com']
aromanenko-dev|['Alexey Romanenko']|[]|['Alexey Romanenko', 'aromanenko-dev']|['33895511+aromanenko-dev@users.noreply.github.com', 'aromanenko.dev@gmail.com', 'aromanenko-dev@gmail.com']
arostamianfar|['Asha Rostamianfar']|[]|['Asha Rostamianfar']|['arostami@google.com']
aryann|['Aryan Naraghi']|['aryan.naraghi@gmail.com']|['Aryan Naraghi']|['aryan.naraghi@gmail.com', 'aryann@google.com']
asethia|['Arun Sethia']|['sethia.arun@gmail.com']|['Arun Sethia']|['sethia.arun@gmail.com']
asf-ci|['ASF CI System']|[]|[]|[]
asfbot|[]|[]|[]|[]
asfgit|[]|[]|[]|[]
athuras|['Alexander Huras']|['alex.huras@gmail.com']|[]|[]
austern|[]|[]|['austern']|['austern@google.com']
autodidacticon|['Richard Moorhead']|[]|['Richard Moorhead']|['richard.moorhead@gmail.com']
aviemzur|['Aviem Zur']|[]|['Aviem Zur', 'Zur, Aviem']|['aviemzur@gmail.com', 'azur@paypal.com']
axelmagn|['Axel Magnuson']|[]|['Axel Magnuson']|['axelmagn@gmail.com']
azurezyq|['Yunqing Zhou']|[]|['Yunqing Zhou', 'zhouyunqing']|['zhouyunqing@google.com']
b923|['David Hrbacek']|[]|[]|[]
baibaichen|['Chang chen']|[]|['Chang chen']|['baibaichen@gmail.com']
bastiliu|['Basti Liu']|['basti.lj@alibaba-inc.com']|['basti.lj']|['basti.lj@alibaba-inc.com']
bbassingthwaite|['Braden Bassingthwaite']|[]|[]|[]
bbhoss|['Preston Marshall']|['preston@synergyeoc.com']|[]|[]
bcbradle|['Brian Bradley']|['lispwisp@gmail.com']|[]|[]
bchambers:bchambers@google.com|[]|[]|['bchambers']|['bchambers@google.com']
bchen-talend|['Chen Bin']|[]|['Chen Bin']|['bchen@talend.com']
beam-testing|[]|[]|[]|[]
berkoben|['Keith B']|[]|[]|[]
bimargulies-google|['Benson Margulies']|[]|['bimargulies-google']|['bimargulies@google.com']
bjchambers|['Ben Chambers']|[]|['Ben Chambers']|['bjchambers@users.noreply.github.com']
bkungfoo|['Brian Foo']|['brian.foo@gmail.com']|[]|[]
blackml|[]|[]|[]|[]
bmv126|[]|[]|['Vishwas', 'bmv126']|['bmvishwas@gmail.com']
bo-yuan|[]|[]|['boyuan']|['boyuan@google.com']
boyuanzz|['Boyuan Zhang']|[]|['Boyuan Zhang']|['36090911+boyuanzz@users.noreply.github.com', 'boyuanz@google.com']
bpgergo|['Peter Gergő Barna']|[]|['Peter Gergo Barna']|['pbarna@hortonworks.com']
bradgwest|['Brad West']|[]|['Brad West']|['brad.g.west@gmail.com']
bramp|['Andrew Brampton']|['github@bramp.net']|['Andrew Brampton']|['bramp@google.com']
brianmartin|['Brian Martin']|['brianm@spotify.com']|['Brian Martin']|['brianmartin@gmail.com']
brianquinlan|['Brian Quinlan']|['brian@sweetapp.com']|['Brian Quinlan']|['brian@sweetapp.com']
brills|[]|[]|['Zhuo Peng']|['1835738+brills@users.noreply.github.com']
broady|['Chris Broadfoot']|['chris@chrisbroadfoot.id.au']|['Chris Broadfoot']|['cbro@golang.org']
brucearctor|[]|[]|[]|[]
brucearctor:iambruceactor@gmail.com|[]|[]|['brucearctor']|['iambruceactor@gmail.com']
brunatm|[]|[]|[]|[]
brunocvcunha|['Bruno Volpato']|['brunocvcunha@gmail.com']|['Bruno Volpato']|['brunocvcunha@gmail.com']
bschell|[]|[]|[]|[]
bsidhom|['Ben Sidhom']|[]|['Ben Sidhom']|['sidhom@google.com', 'bsidhom@gmail.com']
bumblebee-coming|[]|[]|['bumblebee-coming']|['57192834+bumblebee-coming@users.noreply.github.com']
c-y-koo|['Chiu Yuen Koo']|[]|[]|[]
c0b|[]|[]|[]|[]
cademarkegard|['Cade Markegard']|[]|['Cade Markegard']|['cademarkegard@gmail.com']
calonso|['Carlos Alonso']|[]|[]|[]
casidiablo|['Cristian']|[]|['Cristian']|['me@cristian.io']
cchepelov|['Cyrille Chépélov']|['cyrille@chepelov.org']|[]|[]
cclauss|['Christian Clauss']|['cclauss@me.com']|[]|[]
cclauss:cclauss@bluewin.ch|[]|[]|['cclauss']|['cclauss@bluewin.ch']
cervebar|['Babu']|['cervenkovab@gmail.com']|[]|[]
cgarciae|['Cristian Garcia']|['cgarcia.e88@gmail.com']|[]|[]
cghawthorne|"['Curtis ""Fjord"" Hawthorne']"|[]|[]|[]
chadrik|['Chad Dombrova']|[]|['Chad Dombrova']|['chadrik@gmail.com']
chaimt|['Chaim Turkel']|[]|['Chaim Turkel']|['cyturel@gmail.com']
chamikaramj|['Chamikara Jayalath']|[]|['Chamikara Jayalath', 'chamikara@google.com', 'chamikara']|['chamikara@apache.org', 'chamikara@google.com']
charithe|['Charith Ellawala']|[]|['Charith Ellawala']|['charithe@users.noreply.github.com']
charlesccychen|['Charles Chen']|[]|['Charles Chen', 'ccy']|['charlesccychen@users.noreply.github.com', 'ccy@google.com']
cherba|['Arthur D. Cherba']|[]|['cherba']|['cherba@google.com']
china-lee|[]|[]|[]|[]
chinasaur|['Peter H. Li']|[]|[]|[]
chinmaykolhatkar|[]|[]|['chinmaykolhatkar']|['chinmay@apache.org']
chrish42|['Christian Hudon']|[]|['Christian Hudon']|['chrish@pianocktail.org']
christinagreer|[]|[]|['ckuhn']|['ckuhn@google.com']
chrlarsen|['Chris Larsen']|[]|[]|[]
chuanyu|[]|[]|['Chuan Yu Foo']|['1147435+chuanyu@users.noreply.github.com', 'cyfoo@google.com']
chunyang|['Chun Yang']|[]|['Chun Yang']|['Chuck.Yang@gmail.com']
cjmcgraw|['Carl McGraw']|['c@rlmcgraw.io']|[]|[]
cmachgodaddy|[]|[]|['cmachgodaddy', 'cmach', 'Cam Mach']|['41597499+cmachgodaddy@users.noreply.github.com', 'cmach@godaddy.com']
cmcneil|['Carson McNeil']|['carson.mcneil@gmail.com']|[]|[]
cmm08|['cmma']|[]|['Changming Ma']|['changmingma@live.com']
codecov-io|['Codecov']|['hello@codecov.io']|[]|[]
coheigea|['Colm O hEigeartaigh']|[]|['Colm O hEigeartaigh']|['coheigea@apache.org', 'coheigea@users.noreply.github.com']
colinre|['Colin Reid']|[]|['colinreid']|['colinreid@google.com']
connelloG|[]|[]|['connelloG']|['40410951+connelloG@users.noreply.github.com']
cosmoskitten|[]|[]|[]|[]
coufon|['Zhou Fang']|['zhoufang@google.com']|[]|[]
coveralls|['Coveralls']|[]|[]|[]
cowtowncoder|['Tatu Saloranta']|['tsaloranta@gmail.com']|['Tatu Saloranta']|['tatu.saloranta@iki.fi']
cph6|[]|[]|['Colin Phipps']|['cph@moria.org.uk']
cphbrt|['Chris Hebert']|[]|[]|[]
cpovirk|['Chris Povirk']|[]|['cpovirk']|['cpovirk@google.com']
craigcitro|['Craig Citro']|['craigcitro@gmail.com']|['Craig Citro']|['craigcitro@google.com']
crcsmnky|['Sandeep Parikh']|[]|['Sandeep Parikh']|['sandeep@clusterbeep.org']
csabakassai|['Kassai Csaba']|['csaba.kassai@doctusoft.com']|[]|[]
cschneider|['Christian Schneider']|[]|['Christian Schneider']|['chris@die-schneider.net']
csudevinduan|[]|[]|['devinduan']|['devinduan@tencent.com']
cushon|['Liam Miller-Cushon']|['cushon@google.com']|['Liam Miller-Cushon', 'cushon']|['cushon@google.com']
dadrian|['David Adrian']|['davidcadrian@gmail.com']|[]|[]
daidokoro|['Shaun Remekie']|['shaun@daidokoro.io']|['daidokoro']|['shaun@daidokoro.io']
dakl|['Daniel Klevebring']|[]|[]|[]
danayakapura|[]|[]|['danayakapura']|['danayakapura@google.com']
danielhultqvist|['Daniel Hultqvist']|[]|[]|[]
danielnorberg|['Daniel Norberg']|[]|['Daniel Norberg']|['dano@spotify.com']
danielribeiro|['Daniel Ribeiro']|['danrbr@gmail.com']|[]|[]
danvietduong|[]|[]|[]|[]
daracurran|[]|[]|[]|[]
datadidit|[]|[]|[]|[]
dattran-vn01|['Dat Tran']|['dattran.vn01@gmail.com']|[]|[]
david-billings|[]|[]|[]|[]
davidak09|[]|[]|[]|[]
davidcavazos|['David Cavazos']|['dcavazos@google.com']|['David Cavazos']|['dcavazos@google.com']
davidheryanto|['David Heryanto']|['david.heryanto@hotmail.com']|[]|[]
davidpgoo|[]|[]|['davidpgoo']|['davidper@google.com']
davidyan74|['David Yan']|['davidyan@google.com']|['David Yan']|['davidyan@apache.org']
davorbonaci|['Davor Bonaci']|[]|['Davor Bonaci', 'davor']|['davor@google.com', 'davorbonaci@users.noreply.github.com', 'davor@davor-macbookair.roam.corp.google.com']
dawidwys|['Dawid Wysakowicz']|['wysakowicz.dawid@gmail.com']|['Dawid Wysakowicz']|['dawid@getindata.com']
deepyaman|['Deepyaman Datta']|[]|['deepyaman']|['deepyaman.datta@utexas.edu']
dennishuo|['Dennis Huo']|[]|['dhuo']|['dhuo@google.com']
dependabot[bot]|[]|[]|['dependabot[bot]']|['49699333+dependabot[bot]@users.noreply.github.com']
derekunimarket|['Derek']|[]|['Derek']|['derek.he@unimarket.com']
devin-donnelly|[]|[]|['Devin Donnelly', 'ddonnelly']|['ddonnelly@google.com']
dgouyette|['GOUYETTE Damien']|['damien.gouyette@gmail.com']|['dgouyette']|['damien.gouyette@gmail.com']
dhalperi|['Dan Halperin']|[]|['Dan Halperin', 'Daniel Halperin', 'dhalperi']|['dhalperi@google.com', 'daniel@halper.in', 'dhalperi@users.noreply.github.com']
diptikul|[]|[]|[]|[]
djelekar|['Stefan']|['djelekar@gmail.com']|[]|[]
djhworld|['Daniel Harper']|[]|['djhworld']|['djharperuk@gmail.com']
dkulp|['Daniel Kulp']|[]|['Daniel Kulp']|['dkulp@apache.org']
dlebech|['David Volquartz Lebech']|[]|['David Volquartz Lebech']|['david@lebech.info']
dlesco|['Daniel Lescohier']|[]|['dlesco']|['daniel.lescohier@cbs.com']
dmvk|['David Moravek']|['dmvk@apache.org']|['David Moravek']|['david.moravek@firma.seznam.cz', 'dmvk@apache.org', 'david.moravek@gmail.com']
dmytroivanov4206|['Dmytro Ivanov']|['dimon.ivan@gmail.com']|['dmytroivanov4206', 'Dmytro Ivanov']|['dimon.ivan@gmail.com']
doanduyhai|['DuyHai DOAN']|['doanduyhai@gmail.com']|[]|[]
domsj|['Jan Doms']|[]|[]|[]
dpcollins-google|[]|[]|['dpcollins-google', 'Daniel Collins']|['40498610+dpcollins-google@users.noreply.github.com', 'dpcollins@google.com']
dpmills|['Daniel Mills']|[]|['Daniel Mills', 'millsd']|['millsd@google.com']
drieber|[]|[]|['David Rieber', 'drieber']|['drieber@google.com']
driverpt|['Luís Duarte']|['lduarte@luisduarte.net']|[]|[]
drobert|['Daniel Robert']|[]|['Daniel Robert']|['drobert@teikametrics.com']
drubinstein|['David Rubinstein']|[]|[]|[]
dsdinter|['David Sabater Dinter']|[]|['David Sabater', 'David Sabater Dinter']|['davidsabater@google.com', 'david.sabater@gmail.com']
dsnet|['Joe Tsai']|['joetsai@digital-static.net']|['Joe Tsai']|['joetsai@digital-static.net']
dusan-rychnovsky|['Dušan Rychnovský']|['dusan.rychnovsky@gmail.com']|['Dusan Rychnovsky']|['dusan.rychnovsky@firma.seznam.cz']
dustin12|[]|[]|['Dustin Rhodes', 'dustin12']|['dcrhodes@google.com']
dxichen|['Daniel Chen']|['xrchen@uwaterloo.ca']|['Daniel Chen']|['xrchen@uwaterloo.ca']
eachsaj|['Sajeevan Achuthan']|['achuthan.sajeevan@gmail.com']|[]|[]
earhart|['Rob Earhart']|['earhart@gmail.com']|['Rob Earhart', 'earhart']|['earhart@gmail.com']
earhart:earhart@google.com|[]|[]|['earhart']|['earhart@google.com']
ecanzonieri|['Enrico Canzonieri']|[]|['Enrico Canzonieri']|['enrico@yelp.com', 'ecanzonieri@gmail.com']
echauchot|['Etienne Chauchot']|['echauchot@apache.org']|['Etienne Chauchot', 'echauchot']|['echauchot@apache.org', 'echauchot@gmail.com']
eddavisson|[]|['eddavisson@google.com']|[]|[]
eddie-scio|['Eddie Zhou']|[]|[]|[]
edhgoose|['Edward Hartwell Goose']|[]|['Ed Hartwell Goose']|['ed@mention-me.com']
edre|['Eric Roshan-Eisner']|[]|['Eric Roshan-Eisner', 'edre']|['ede@alum.mit.edu', 'edre@google.com']
ehrencrona|['Andreas Ehrencrona']|['andreas.ehrencrona@velik.it']|['Andreas Ehrencrona']|['andreas.ehrencrona@velik.it']
elek|['Elek, Márton']|[]|['Elek, Márton']|['elek@users.noreply.github.com']
elharo|['Elliotte Rusty Harold']|[]|['Elliotte Rusty Harold']|['elharo@users.noreply.github.com']
elibixby|['Eli Bixby']|[]|['elibixby']|['elibixby@google.com']
eljefe6a|['Jesse Anderson']|['jesse@jesse-anderson.com']|['Jesse Anderson']|['jesse@smokinghand.com']
elmer-garduno|['Elmer Garduno']|[]|[]|[]
elwinarens|['Elwin Arens']|['elwinjoeriarens@gmail.com']|['Elwin Arens']|['elwinjoeriarens@gmail.com']
epithatree|['Robert Collins']|[]|[]|[]
eralmas7|['Muhammed Almas']|['eralmas7@yahoo.com']|['eralmas7']|['eralmas7@yahoo.com']
ericjohnston1989|['Eric Johnston']|[]|[]|[]
ericmand|['Eric Anderson']|[]|['Eric Anderson']|['eandersonm@gmail.com']
evilsoapbox|['James Malone']|['jamalone at gmail.com']|['James Malone']|['jamesmalone@google.com', 'jamalone@gmail.com']
evindj|['Innocent Djiofack']|[]|['Innocent Djiofack']|['djiofack007@gmail.com']
ezmicken|['Sam Moggach']|['smoggach@gmail.com']|[]|[]
fabienrousseau|['Fabien Rousseau']|[]|['Fabien Rousseau']|['fabien.rousseau@happn.com']
fabito|['Fábio Franco Uechi']|[]|['Fábio Franco Uechi']|['fabio.uechi@gmail.com']
fahndrich:fahndrich@google.com|[]|[]|['fahndrich']|['fahndrich@google.com']
feczo|[]|[]|['feczo']|['szabolcs.feczak@gmail.com']
ffly1985|[]|[]|[]|[]
finchcn|['Finch Keung']|['finchcn@gmail.com']|['Finch Keung']|['finchcn@gmail.com']
finiterank|['Javier Moreno']|[]|['Javier Moreno']|['bluelephant@gmail.com']
flame317|[]|[]|[]|[]
flaviocf|['Flavio Fiszman']|[]|['Flavio Fiszman']|['flaviocf@google.com']
flyisland|['flyisland']|[]|['flyisland']|['flyisland@gmail.com']
fmendezh|['Federico Mendez']|['federicomh@gmail.com']|[]|[]
foegler|[]|[]|[]|[]
foegler:foegler@google.com|[]|[]|['foegler']|['foegler@google.com']
francesperry|['Frances Perry']|[]|['Frances Perry', 'fjp']|['fjp@google.com', 'francesperry@users.noreply.github.com']
fredo838|['Frederik Bode']|['fredo.bode@gmail.com']|['frederik2']|['frederik.bode@ml6.eu']
fredzqm|['Fred Zhang']|[]|[]|[]
fvoichick|['Finn']|['fvoichick@gmail.com']|['Finn']|['fvoichick@gmail.com']
fyellin|[]|[]|['Frank Yellin']|['fy@fyellin.com']
g-eorge|['George Agnelli']|[]|[]|[]
gadaldo|['adaldo giuseppe']|['adaldo.giuseppe@gmail.com']|[]|[]
galic1987|['Ivo Galic']|[]|['Ivo Galic']|['galic1987@gmail.com']
gamolina|[]|[]|['MOLIG004']|['guy.molinari@disney.com']
garrettjonesgoogle|['Garrett Jones']|[]|['Garrett Jones']|['garrettjonesgoogle@users.noreply.github.com']
gaurav gupta:gaugupt3@cisco.com|[]|[]|['gaurav gupta']|['gaugupt3@cisco.com']
gauravgopi123|['Gaurav Gupta']|[]|[]|[]
gdubya|['Gareth Western']|[]|['Gareth Western']|['gareth@garethwestern.com']
gene-telligent|['Gene Peters']|['gene@telligent-data.com']|['Gene Peters']|['gene@telligent-data.com']
geojins|['Jins George']|['geojins@gmail.com']|[]|[]
gildea|[]|[]|['gildea']|['gildea@google.com']
gkovelman|[]|[]|['gkovelman']|['31855286+gkovelman@users.noreply.github.com']
gkumar7|['Geet Kumar']|[]|['Geet Kumar']|['geet.kumar75@gmail.com', 'gkumar7@users.noreply.github.com']
gnvk|['Gergely Novák']|[]|['Gergely Novak']|['gnovak@hortonworks.com']
goldfishy|['Max Charas']|[]|['Max Charas']|['charas@google.com']
goosalex|[]|[]|[]|[]
grzegorz8|['Grzegorz Kołakowski']|['kolakowski.grzegorz@gmail.com']|[]|[]
gschulze|['Gunnar Schulze']|[]|['Gunnar Schulze']|['gunnar.schulze@invenium.io']
gsteelman|['Gary']|[]|[]|[]
guillaume blaquiere:guillaume.blaquiere@hrsys.Fr|[]|[]|['guillaume blaquiere']|['guillaume.blaquiere@hrsys.Fr']
guillaumeblaquiere|['guillaume blaquiere']|['guillaume.blaquiere@gmail.com']|[]|[]
guruimage|[]|[]|[]|[]
guymolinari|['Guy A Molinari']|['molinariguy@gmail.com']|[]|[]
gxercavins|[]|[]|['gxercavins']|['guillemxercavins@gmail.com']
h4rr21|[]|[]|[]|[]
hadarhg|[]|[]|['Hadar Hod']|['hadarh@google.com']
hadpe-nitin|[]|[]|[]|[]
happygiraffe|['Dominic Mitchell']|[]|['Dominic Mitchell']|['dom@happygiraffe.net']
harshithdwivedi|['Harshit Dwivedi']|[]|['Harshit Dwivedi']|['47669588+harshithdwivedi@users.noreply.github.com', 'harshit@pitech.app']
hejianchao|['hejianchao']|['hejianchao.1989@gmail.com']|[]|[]
henryken|['Henry Suryawirawan']|['henry.ken@gmail.com']|['Henry Suryawirawan']|['hsuryawirawan@google.com']
hepeknet|[]|[]|[]|[]
herohde|['Henning Rohde']|[]|['Henning Rohde', 'herohde']|['herohde@seekerror.org', 'herohde@google.com']
hildrum|['Kris Hildrum']|[]|['Kris Hildrum']|['hildrum@google.com']
hmdebenque|['Henri-Mayeul de Benque']|[]|[]|[]
hokira:hokira@google.com|[]|[]|['hokira']|['hokira@google.com']
holdenk|['Holden Karau']|['holden@pigscanfly.ca']|['Holden Karau']|['holden@pigscanfly.ca', 'holdenkarau@google.com', 'holden@us.ibm.com']
holdensmagicalunicorn|[]|[]|[]|[]
honeyAndSw|['Naheon Kim']|['honey.and.sw@gmail.com']|[]|[]
horkyada|['Adam Horky']|['adam.horky@ceai.io']|['Adam Horky']|['adam.horky@firma.seznam.cz', 'horky.adam@gmail.com']
hotienvu|['Ho Tien Vu']|['ho0001vu@gmail.com']|['Ho Tien Vu']|['ho0001vu@gmail.com']
htyleo|['Tianyang Hu']|['htyleo@gmail.com']|['Tianyang Hu']|['htyleo@gmail.com']
huafengw|['Huafeng Wang']|['fvunicorn@gmail.com']|['huafengw']|['fvunicorn@gmail.com']
hubayirp|[]|[]|[]|[]
huygaa11|['Batkhuyag Batsaikhan']|[]|['huygaa11', 'Batkhuyag Batsaikhan']|['batbat@google.com']
ianlancetaylor|['Ian Lance Taylor']|['ian@airs.com']|['Ian Lance Taylor']|['iant@golang.org']
ianzhou1|['Ian Zhou']|[]|['Ian Zhou']|['ianzhou@google.com']
ibzib|['Kyle Weaver']|[]|['Kyle Weaver']|['kcweaver@google.com']
icemoon1987|['Wenhai Pan']|['panwenhai1987@163.com']|[]|[]
icoxfog417|['Takahiro Kubo']|['icoxfog417@yahoo.co.jp']|[]|[]
iemejia|['Ismaël Mejía']|[]|['Ismaël Mejía']|['iemejia@gmail.com', 'iemejia@apache.org']
ifigotin|['Ilya Figotin']|[]|['Ilya Figotin']|['ifigotin@gmail.com']
igorbernstein2|['Igor Bernstein']|[]|['Igor Bernstein']|['igorbernstein@google.com']
ihji|['Heejong Lee']|[]|['Heejong Lee']|['heejong@gmail.com']
iht|['Israel Herraiz']|['ihr@google.com']|['Israel Herraiz']|['ihr@google.com']
ilganeli|['Ilya Ganelin']|['ilganeli@gmail.com']|[]|[]
imejia|['Ismaël Mejía']|[]|[]|[]
imsky|['Ivan Malopinsky']|[]|[]|[]
itamaro|['Itamar Ostricher']|['itamarost@gmail.com']|['Itamar Ostricher']|['itamarost@gmail.com']
ivant|['Ivan Tarasov']|['Ivan.Tarasov@gmail.com']|['vanya']|['vanya@google.com']
jack749|['Jack Hsueh']|[]|['Jack Hsueh']|['jhsueh@opengov.com']
jackwhelpton|['Jack Whelpton']|['j.whelpton@outlook.com']|['Jack Whelpton']|['jack.whelpton@rakuten.com']
jackyq2015|['Jacky']|['jackyq2015@gmail.com']|['Jacky']|['jackyq2015@gmail.com']
jacobg|[]|[]|[]|[]
jacobmarble|['Jacob Marble']|['jacobmarble@gmail.com']|[]|[]
jagthebeetle|['Jonathan Alvarez-Gutierrez']|[]|['Jonathan Alvarez-Gutierrez']|['jagthebeetle@users.noreply.github.com']
janotav|[]|[]|['Vojtech Janota']|['vojtech.janota@oracle.com']
jasonkuster|[]|[]|['jasonkuster', 'Jason Kuster']|['jasonkuster@google.com', 'jason@google.com']
javdrher|['Joachim van der Herten']|[]|['Joachim van der Herten']|['joachim.vanderherten@ugent.be']
javier|['javier ramírez']|['javier@formatinternet.com']|[]|[]
jbartok|['Jozsef Bartok']|['bjozsef@gmail.com']|['Bartok Jozsef']|['jozsi@hazelcast.com']
jbonofre|['Jean-Baptiste Onofré']|['jbonofre@apache.org']|['Jean-Baptiste Onofré']|['jbonofre@apache.org', 'jb@nanthrax.net']
jcruelty|['Amar Pai']|[]|[]|[]
jdbermeol|['José David Bermeo López']|[]|[]|[]
je-ik|['Jan Lukavský']|[]|['Jan Lukavský', 'Jan Lukavsky']|['je.ik@seznam.cz']
jean-philippe-martin|['JP Martin']|[]|['JP Martin']|['jpmartin@google.com']
jeffgardner|[]|[]|['gardnerj']|['gardnerj@google.com']
jeffkpayne|['Jeff Payne']|[]|['Jeffrey Scott Keone Payne']|['jeffkpayne@gmail.com']
jeremiele|[]|[]|['Jeremie Lenfant-Engelmann', 'jeremiele']|['jeremiele@google.com']
jeremydw|['Jeremy Weinstein']|[]|['Jeremy Weinstein']|['jeremydw@gmail.com']
jesusrv1103|[]|[]|['jesusrv1103']|['jesus21c@hotmail.com']
jfarr|[]|[]|[]|[]
jgao54|['Joy Gao']|[]|[]|[]
jghoman|['Jakob Homan']|[]|['Jakob Homan']|['jghoman@gmail.com']
jglezt|['Javier A. Gonzalez Trejo']|['javier.gonzalez@cimat.mx']|['jglezt']|['jglezt.ranger@gmail.com']
jhalaria|['Ankit Jhalaria']|[]|[]|[]
jhendr|[]|[]|[]|[]
jiajiayb|[]|[]|[]|[]
jimmycasey|['Jimmy Casey']|[]|[]|[]
jinnovation|['Jonathan Jin']|[]|[]|[]
jkff|['Eugene Kirpichov']|['ekirpichov@gmail.com']|['Eugene Kirpichov', 'kirpichov']|['ekirpichov@gmail.com', 'kirpichov@google.com']
jklukas|['Jeff Klukas']|['jeff@klukas.net']|['Jeff Klukas']|['jeff@klukas.net']
jkp|['Jamie Kirkpatrick']|[]|['Jamie Kirkpatrick']|['jkp@spotify.com']
jlewi|['Jeremy Lewi']|['jeremy@lewi.us']|['jlewi']|['jlewi@google.com']
jmdobry|['Jason Dobry']|[]|['jdobry']|['jdobry@google.com']
joar|['Joar Wandborg']|[]|['Joar Wandborg']|['joar@wandborg.se']
jobegrabber|['Jonas Grabber']|[]|[]|[]
joe2016|['Joe']|[]|[]|[]
joeyfezster|[]|[]|['Joey Baruch']|['joey.baruch@gmail.com']
johanhaleby|['Johan Haleby']|[]|[]|[]
johnmac-ibm|[]|[]|['John MacMillan']|['johnmac@ca.ibm.com']
joshfg|['Josh']|[]|['Josh']|['joshformangornall@gmail.com']
joshualitt|[]|[]|['Joshua Litt']|['joshualitt@google.com']
jpet:jpet@google.com|[]|[]|['jpet']|['jpet@google.com']
jphalip|['Julien Phalip']|[]|['Julien Phalip']|['jphalip@gmail.com']
jrmlhermitte|['Julien Lhermitte']|[]|[]|[]
jrossthomson|['J Ross Thomson']|[]|['J Ross Thomson']|['39315853+jrossthomson@users.noreply.github.com']
jsteggink|['Jeroen Steggink']|[]|['Jeroen Steggink']|['jsteggink@users.noreply.github.com']
jto|['Julien Tournay']|['boudhevil@gmail.com']|['Julien Tournay']|['boudhevil@gmail.com']
juan-rael|[]|[]|[]|[]
juancho088|['Juan Urrego']|[]|[]|[]
justintumale|['Justin Tumale']|[]|['justintumale', 'Justin Tumale']|['fjetumale@gmail.com']
jwills|['Josh Wills']|[]|['Josh Wills']|['jwills@cloudera.com', 'josh.wills@gmail.com']
jxlewis:jxlewis@godaddy.com|[]|[]|['jxlewis']|['jxlewis@godaddy.com']
kadircet|['kadir çetinkaya']|[]|['Kadir Cetinkaya']|['kadircet@google.com']
kamilwu|['Kamil Wasilewski']|[]|['Kamil Wasilewski', 'kamilwu']|['kamil.wasilewski@polidea.com']
kanterov|['Gleb Kanterov']|[]|['Gleb Kanterov']|['kanterov@users.noreply.github.com', 'gleb@spotify.com']
kaplanbora|['Bora Kaplan']|['bora@kaplan.dev']|['Bora Kaplan']|['kaplanbora@protonmail.com']
katsiapis|['Konstantinos Katsiapis']|['katsiapis@google.com']|[]|[]
keijiyoshida|['Keiji Yoshida']|['keijiyoshida.mail@gmail.com']|['Keiji Yoshida']|['keijiyoshida.mail@gmail.com']
keithmcneill|[]|[]|['keithmcneill']|['mcneill@anibla.net']
kenn|['Kenn Ejima']|[]|[]|[]
kennknowles|['Kenn Knowles']|['kenn@apache.org']|['Kenn Knowles', 'Kenneth Knowles', 'klk']|['kenn@apache.org', 'klk@google.com', 'kenn@kennknowles.com']
kevinsi4508|['Kevin Si']|[]|['Kevin Si']|['kevinsi@google.com']
kevinsookocheff-wf|['Kevin Sookocheff']|[]|['Kevin Sookocheff']|['kevin.sookocheff@workiva.com']
kevmo314|['Kevin Wang']|['kevmo314@gmail.com']|[]|[]
kewne|['João Cabrita']|['kewne@protonmail.com']|['João Cabrita']|['kewne@protonmail.com']
kgraney|['Kevin Graney']|[]|['Kevin Graney']|['nanonet@gmail.com', 'kmg@google.com']
kgugle|['Karan Gugle']|[]|[]|[]
khichar-anil|[]|[]|[]|[]
khurrumnasimm|['Khurrum Nasim']|['khurrumnasimm@gmail.com']|[]|[]
kkpoon|['K.K. POON']|[]|['kkpoon']|['noopkk@gmail.com']
kkucharc|['Kasia Kucharczyk']|[]|['Kasia Kucharczyk', 'Kasia', 'Katarzyna Kucharczyk']|['katarzyna.kucharczyk@polidea.com', '2536609+kkucharc@users.noreply.github.com']
kl0u|['Kostas Kloudas']|[]|['kl0u', 'Kostas Kloudas']|['kkloudas@gmail.com']
kluever|['Kurt Alfred Kluever']|['kak@google.com']|['kak']|['kak@google.com']
kmjung|['Kenneth Jung']|[]|['Kenneth Jung']|['kmj@google.com']
knub|['Stefan Bunk']|[]|[]|[]
kobisalant|[]|[]|['ksalant', 'Kobi Salant']|['kobi.salant@gmail.com']
kohlerm|['Markus Kohler']|[]|[]|[]
kolban-google|['Neil Kolban']|[]|[]|[]
koncha99|['Keisuke Kondo']|[]|['Keisuke Kondo']|['keisuke.kondo@istellar.jp']
kordek|['Paweł Kordek']|[]|[]|[]
krzysztof-tr|['Krzysztof']|[]|['Krzysztof Trubalski']|['k.trubalski@ocado.com']
ksalant:ksalant@payapal.com|[]|[]|['ksalant']|['ksalant@payapal.com']
kubum|['Andrey Fadeyev']|[]|[]|[]
kvncp|[]|[]|[]|[]
kwestbrooks|['Kelly Westbrooks']|[]|['Kelly Westbrooks']|['kwestbrooks@google.com']
kwlzn|['Kris Wilson']|[]|[]|[]
kyle-winkelman|['Kyle Winkelman']|[]|['Kyle Winkelman']|['kyle.winkelman@optum.com']
lakstap|[]|[]|[]|[]
laraschmidt|[]|[]|[]|[]
laschmidt|[]|[]|['Lara Schmidt', 'laraschmidt']|['laraschmidt@google.com']
lazyingBird|[]|[]|[]|[]
lazylynx|['yoshiki.obata']|[]|['yoshiki.obata']|['1285728+lazylynx@users.noreply.github.com', 'yoshiki.obata@gmail.com']
lbowman|['Levi Bowman']|[]|['Levi Bowman']|['lbowman@gmail.com']
lcaggio|[]|[]|['lcaggio', 'Lorenzo Caggioni']|['lorenzo.caggioni@gmail.com']
lemire|['Daniel Lemire']|['lemire@gmail.com']|[]|[]
leo-unc|['Hennadiy Leontyev']|[]|['Hennadiy Leontyev']|['leo.unc@gmail.com']
leonardoam|['Leonardo Alves Miguel']|['leonardoam94@gmail.com']|[]|[]
lgajowy|['Łukasz Gajowy']|['lukasz.gajowy@gmail.com']|['Łukasz Gajowy']|['lgajowy@apache.org', 'lukasz.gajowy@gmail.com', 'lukasz.gajowy@polidea.com']
lhaiesp|['Hai Lu']|['halu@linkedin.com']|['Hai Lu']|['halu@linkedin.com', 'lhaiesp@gmail.com']
lhauspie|['Logan HAUSPIE']|[]|['Logan HAUSPIE']|['logan.hauspie.pro@gmail.com']
liangzhang:liangzhang@google.com|[]|[]|['liangzhang']|['liangzhang@google.com']
liumomo315|[]|[]|['liumomo315', 'Wenjia Liu']|['56744666+liumomo315@users.noreply.github.com', 'wenjialiu@google.com']
liyanhui1228|['Angela Li']|[]|[]|[]
lloigor|[]|[]|['lloigor']|['jason.lloydprice+github@gmail.com']
logc|['Luis Osa']|['luis.osa.gdc@gmail.com']|['Luis Osa']|['luis.osa.gdc@gmail.com']
lostluck|['Robert Burke']|[]|['lostluck', 'Robert Burke']|['13907733+lostluck@users.noreply.github.com', 'lostluck@users.noreply.github.com', 'robert@frantil.com']
luke-zhu|['Luke Zhu']|[]|['luke-zhu', 'Luke Zhu']|['luke_zhu@brown.edu', 'luke.l.zhu@gmail.com']
lukecwik|['Lukasz Cwik']|[]|['Lukasz Cwik', 'Luke Cwik', 'lukecwik', 'lcwik']|['lukecwik@gmail.com', 'lcwik@google.com']
maguro|['Alan D. Cabrera']|['adc@toolazydogs.com']|[]|[]
mairbek|['Mairbek Khadikov']|['mkhadikov@gmail.com']|['Mairbek Khadikov']|['mkhadikov@gmail.com']
malo-denielou|['Pierre-Malo Deniélou']|[]|['malo']|['malo@google.com']
manuelaguilar|[]|[]|[]|[]
manuzhang|['Manu Zhang']|['OwenZhang1990@gmail.com']|['manuzhang', 'Manu Zhang', 'ManuZhang']|['owenzhang1990@gmail.com', 'OwenZhang1990@gmail.com']
mapster|['Alexander Hoem Rosbach']|[]|['Alexander Hoem Rosbach']|['alexander@rosbach.no']
marcboissonneaultjda|[]|[]|[]|[]
mareksimunek|[]|[]|['marek.simunek', 'mareksimunek']|['marek.simunek@firma.seznam.cz', 'marek-simunek@seznam.cz']
marevol|['Shinsuke Sugaya']|[]|['Shinsuke Sugaya']|['shinsuke@apache.org']
mariand:mariand@google.com|[]|[]|['mariand']|['mariand@google.com']
mariapython|[]|[]|['Maria Garcia Herrero', 'mariapython']|['mariagh@google.com', 'mariapython@users.noreply.github.com']
mariusz89016|['Mariusz Wojakowski']|[]|['mariusz89016']|['mariusz89016@gmail.com']
markflyhigh|['Mark Liu']|['markliu@apache.org']|['Mark Liu']|['markliu@apache.org', 'markliu@google.com', 'markflyhigh@users.noreply.github.com']
markon|['Marco Buccini']|[]|['markon']|['marcusbu@gmail.com']
martindemello|['Martin DeMello']|['martindemello@gmail.com']|[]|[]
martinfa|['Martin Fahy']|[]|[]|[]
maskwang520|[]|['826655812@qq.com']|[]|[]
matt-darwin|[]|[]|['matt-darwin']|['matthew.darwin@carfinance247.co.uk']
matthelm|['Matt Helm']|['matt@matthelm.ca']|['Matt Helm']|['mattwdh@gmail.com']
matthewlang|[]|['langm@rhodes.edu']|['mattlang']|['mattlang@google.com']
matthewrj|['Matthew Jones']|['matthew@vitaler.com']|['Matthew Jones']|['mlety2@gmail.com']
matthiasa4|['Matthias Baetens']|[]|['matthiasa4', 'Matthias Baetens']|['baetensmatthias@gmail.com']
mattl|['Matt Lee']|['mattl@gnu.org']|['Matt Lee']|['mattl@users.noreply.github.com']
matzew|['Matthias Wessendorf']|['mwessend@redhat.com']|['Matthias Wessendorf']|['matzew@apache.org']
mayansalama|[]|[]|[]|[]
mbalassi|['Márton Balassi']|['mbalassi@apache.org']|['mbalassi']|['mbalassi@apache.org']
mblmat|['Mathieu Blanchard']|['mathieublanchardm@gmail.com']|['Mathieu Blanchard']|['mathieu.blanchard@happn.fr']
mborst|['Michael Borst']|[]|[]|[]
mbuccini|['Marco Buccini']|[]|['Marco Buccini', 'mbuccini']|['mbuccini@talend.com']
mdshalda|['Mark Shalda']|[]|['mdshalda']|['mdshalda@gmail.com']
mdvorsky|[]|[]|[]|[]
medbs|['Med Bs']|[]|[]|[]
mehdimas|['Mehdi Massoudi']|[]|[]|[]
melap|['Melissa Pashniak']|[]|['Melissa Pashniak', 'melissa']|['melissapa@google.com']
meunierd|['Devon Meunier']|[]|['Devon Meunier']|['devon.meunier@shopify.com']
mf2199|['Maxim Factourovich']|[]|[]|[]
mhsaul|['Miles Saul']|['mhsaul@uw.edu']|['Miles Saul']|['msaul@google.com']
miagilepner|[]|[]|[]|[]
mibo|[]|[]|[]|[]
mikaelstaldal|['Mikael Ståldal']|[]|[]|[]
mikekap|['Mike Kaplinskiy']|['mike.kaplinskiy@gmail.com']|['Mike Kaplinskiy']|['mike@ladderlife.com']
milantracy|['Jing']|['milantracy@gmail.com']|['Jing', 'Jing Chen']|['milantracy@gmail.com']
mingliang:mqi@mingliangs-MacBook-Pro.local|[]|[]|['mingliang']|['mqi@mingliangs-MacBook-Pro.local']
minudika|['Minudika Malshan']|[]|['minudika']|['minudika001@gmail.com']
mizitch|['Mitch Shanklin']|[]|['Mitch Shanklin']|['mshanklin@google.com']
mlotstein|[]|[]|['mlotstein']|['mlotstein@gmail.com']
mmamaev|['Maxim Mamaev']|[]|[]|[]
mmckerns|['Mike McKerns']|[]|[]|[]
morokosi|['Yohei Kishimoto']|[]|['morokosi']|['moromorokosi+github@gmail.com']
mottyg1|[]|[]|['Motty Gruda']|['Mottyg1@gmail.com']
mpdn|['Mike Pedersen']|['mike@mikepedersen.dk']|['Mike Pedersen']|['noctune9@gmail.com', 'mike@mikepedersen.dk']
mrociorg|[]|[]|['mrociorg']|['55360310+mrociorg@users.noreply.github.com']
mrtns|['Martin Suchanek']|['mrtn@nrd.io']|['Martin Suchanek']|['mrtn@nrd.io']
mrunesson|['Magnus Runesson']|['magru@linuxalert.org']|['Magnus Runesson']|['M.Runesson@gmail.com']
mshields822|['Mark Shields']|['mshields822@gmail.com']|['Mark Shields', 'markshields']|['markshields@google.com']
mshmulyan:mshmulyan@google.com|[]|[]|['mshmulyan']|['mshmulyan@google.com']
mshytikov|['Max Shytikov']|[]|['Max Shytikov']|['mshytikov@gmail.com']
mszb|['Shoaib Zafar']|['shoaib.zafar@venturedive.com']|['Shoaib Zafar']|['shoaibzafar@outlook.com']
mtalhajamil|['Muhammad Talha Jamil']|['talha.jamil@logicsbay.net']|[]|[]
musicnova|[]|[]|[]|[]
mwalenia|['Michal Walenia']|[]|['Michal Walenia']|['michal.walenia@polidea.com', '32354134+mwalenia@users.noreply.github.com']
mwegiel|[]|[]|['mwegiel']|['mwegiel@google.com']
mwylde|['Micah Wylde']|['micah@micahw.com']|['Micah Wylde']|['mwylde@lyft.com', 'micah@micahw.com']
mxm|['Maximilian Michels']|['mxm@apache.org']|['Maximilian Michels', 'Max']|['mxm@apache.org', 'max@posteo.de']
nagachika|['nagachika']|[]|['Chikanaga Tomoyuki']|['t-chikanaga@groovenauts.jp']
nahuellofeudo|['Nahuel Lofeudo']|[]|['nlofeudo']|['nlofeudo@gmail.com']
nambrot|['Nam Chu Hoai']|['nambrot@googlemail.com']|[]|[]
nawaidshamim|['Nawaid Shamim']|['me@nawaidshamim.com']|['Nawaid Shamim']|['nawaid.shamim@bbc.co.uk']
nedgar|['Nick Edgar']|[]|[]|[]
nehalecky|['Nicholaus Halecky']|['nehalecky@gmail.com']|[]|[]
nerdynick|['Nikoleta Verbeck']|['nerdynick@gmail.com']|['nerdynick']|['nerdynick@gmail.com']
nes1983|['Niko Schwarz']|['niko.schwarz@gmail.com']|[]|[]
neurolabs|['Ole Langbehn']|['ole.langbehn@inoio.de']|[]|[]
nevillelyh|['Neville Li']|[]|['Neville Li']|['neville@spotify.com', 'neville.lyh@gmail.com']
nfisher|['Nathan Fisher']|[]|[]|[]
nguyenhoan|['Hoan Nguyen']|[]|[]|[]
nguyent|['Thang']|[]|[]|[]
nguyenvietyen|['Viet Yen Nguyen']|['nguyenvietyen@gmail.com']|[]|[]
nickpan47|['Yi Pan']|['nickpan47@gmail.com']|[]|[]
nielm|['Niel Markwick']|[]|['nielm', 'Niel Markwick']|['nielm@google.com', 'nielm@users.noreply.github.com']
nielsbasjes|['Niels Basjes']|[]|['Niels Basjes']|['nbasjes@bol.com', 'niels@basjes.nl']
nithinsujir|['Nithin Sujir']|[]|[]|[]
niuk-a|[]|[]|['Aleksandr Kokhaniukov']|['alexander.kohanyukov@gmail.com']
nkilmer|[]|[]|[]|[]
noah-goodrich|['Noah Goodrich']|['me@noahgoodrich.com']|[]|[]
norbertchen:norbertchen@tencent.com|[]|[]|['norbertchen']|['norbertchen@tencent.com']
nrchakradhar|['Chakradhar N R']|[]|[]|[]
nrusch|['Nathan Rusch']|[]|[]|[]
nssalian|['Neelesh Srinivas Salian']|[]|[]|[]
nymanjens|['Jens Nyman']|['nymanjens.nj@gmail.com']|[]|[]
o2-be-build|[]|[]|['Jan Lukavsky']|['jan.lukavsky@o2.cz']
olavloite|['Knut Olav Løite']|['koloite@gmail.com']|[]|[]
olegbonar|['Oleg']|[]|['Oleg']|['25862932+olegbonar@users.noreply.github.com']
oliverhenlich|['Oliver Henlich']|[]|['Oliver Henlich']|['oliver.henlich@unimarket.com']
omarzouk|['Omar Marzouk']|[]|[]|[]
orian|['Paweł Szczur']|[]|[]|[]
oskoi|['Oleg Skovpen']|[]|[]|[]
ostrokach|['Alexey Strokach']|[]|['ostrokach', 'Alexey Strokach']|['ostrokach@gmail.com', 'strokach@google.com']
otterc|['Chandni Singh']|['singh.chandni@gmail.com']|[]|[]
ovaltzer|['Oded Valtzer']|['ovaltzer@augury.com']|[]|[]
ozturkberkay|['Berkay Öztürk']|['info@berkayozturk.net']|['Berkay Öztürk']|['info@berkayozturk.net']
p34782|[]|[]|['peihe']|['hepeimail@gmail.com']
pabloem|['Pablo']|[]|['Pablo', 'pabloem', 'Pablo Estrada', 'polecito.em@gmail.com']|['pabloem@users.noreply.github.com', 'pabloem@apache.org', 'pabloem@google.com', 'polecito.em@gmail.com']
parahul:patwari.rahul@nokia.com|[]|[]|['parahul']|['patwari.rahul@nokia.com']
paulgc|['Paul Suganthan']|[]|['Paul Suganthan']|['pachristopher@google.com']
paulk-asert|['Paul King']|['paulk@asert.com.au']|['Paul King']|['paulk@asert.com.au']
pawel-kaczmarczyk|[]|['pawel.pk.kaczmarczyk@gmail.com']|['Pawel Kaczmarczyk']|['pawel.pk.kaczmarczyk@gmail.com', 'p.kaczmarczyk@ocado.com']
pawelpasterz|[]|[]|['Pawel Pasterz']|['pawel.pasterz@gmail.com']
pbackx|['Peter Backx']|[]|[]|[]
pbartoszek|['Pawel Bartoszek']|[]|[]|[]
pcostell|['Patrick Costello']|['pcostello@google.com']|[]|[]
peay|[]|[]|['peay']|['peay@protonmail.com']
pedapudi|['Sunil Pedapudi']|['skpedapudi@gmail.com']|['Sunil Pedapudi']|['skpedapudi@gmail.com']
peihe|[]|[]|['Pei He', 'peihe']|['pei@apache.org', 'hepei.hp@alibaba-inc.com', 'peihe0@gmail.com', 'peihe@google.com', 'peihe@users.noreply.github.com']
perezd|['Derek Perez']|[]|['Derek Perez']|['pzd@google.com']
pgerv12|['Paul Gerver']|[]|['Paul Gerver']|['pfgerver@gmail.com']
pgudlani|['Pankaj Gudlani']|['pankaj.gudlani@gmail.com']|['Pankaj Gudlani']|['pankaj.gudlani@gmail.com']
philiplhchan|[]|[]|[]|[]
piter75|['Piotr Szczepanik']|[]|['Piotr Szczepanik']|['piotr.szczepanik@allegro.pl']
pkaruna|[]|[]|[]|[]
polleyg|['Graham Polley']|[]|['Graham Polley']|['polleyg@gmail.com']
pongad|['Michael Darakananda']|['pongad@google.com']|[]|[]
pono|['Daniel Pono Takamori']|['pono@apache.org']|[]|[]
post-l|['Ludovic Post']|['ludo@thepost.family']|['Ludovic Post']|['ludo@thepost.family']
postmasters|[]|[]|['postmasters']|['namnguyen@google.com']
potatogopher|['Nick Rucci']|['nick@rucci.io']|['Nicholas Rucci']|['nicholas.rucci@rakuten.com']
ppastuszkaocado|['Przemysław Pastuszka']|[]|[]|[]
prabeesh|['Prabeesh K']|['mail@prabeeshk.com']|['Prabeesh', 'Prabeesh K']|['prabsmails@gmail.com', 'prabeesh.k@namshi.com']
pranaynanda|['Pranay Nanda']|['pranaynanda@live.com']|['Pranay Nanda']|['pranaynanda@live.com']
prateekiiest|['Prateek Chanda']|['prateekkol21@gmail.com']|['Prateek Chanda']|['prateekkol21@gmail.com']
pshevtsov|['Petr Shevtsov']|[]|['Petr Shevtsov']|['petr.shevtsov@gmail.com']
ptomasroos|['Tomas Roos']|['ptomasroos@gmail.com']|['Tomas Roos']|['ptomasroos@gmail.com']
pupamanyu|['Pramod Upamanyu']|[]|[]|[]
qianshuang|[]|[]|[]|[]
qinyeli|['Qinye Sindy Li']|[]|['Sindy Li']|['qinyeli@umich.edu']
qmlmoon|[]|[]|[]|[]
quetzal6|[]|[]|[]|[]
r7raul1984|['JiJun Tang']|[]|['JiJun Tang']|['tangjijun@yhd.com']
ra1861|['Ruslan Altynnikov']|[]|['Ruslan Altynnikov']|['ra1861@users.noreply.github.com']
radhika-kulkarni|[]|[]|['Radhika S Kulkarni']|['radhika_kulkarni1@persistent.co.in']
radhika-kulkarni1|[]|[]|[]|[]
raheelkhan|['Raheel Khan']|['raheelwp@gmail.com']|['Raheel Khan']|['raheelwp@gmail.com']
rahul8383|['Rahul Patwari']|[]|['rahul8383']|['rahulpatwari8383@gmail.com']
rainwoodman|['Yu Feng']|['rainwoodman@gmail.com']|['Yu Feng']|['rainwoodman@gmail.com']
rakeshcusat|['Rakesh Kumar']|['rakeshcusat@gmail.com']|['Rakesh Kumar']|['rakeshkumar@lyft.com', 'rakeshcusat@gmail.com']
randomsamples|[]|[]|[]|[]
rangadi|['Raghu Angadi']|[]|['Raghu Angadi']|['rangadi@apache.org']
rasmi|['rasmi']|[]|['rasmi']|['rrelasmar@gmail.com']
ravwojdyla|['Rafal Wojdyla']|[]|['Rafal Wojdyla']|['rav@spotify.com', 'ravwojdyla@gmail.com']
rccoe|[]|[]|[]|[]
rculbertson|['Ryan Culbertson']|['rculbertson@gmail.com']|['Ryan Culbertson']|['ryan@spotify.com']
rdigiorgio|['Romain Di Giorgio']|[]|[]|[]
realjordanna|[]|[]|[]|[]
regadas|['Filipe Regadas']|[]|['Filipe Regadas']|['filiperegadas@gmail.com']
regata|['Renat Gataullin']|[]|['Renat']|['regata@users.noreply.github.com']
regfaker|[]|[]|[]|[]
rehmanmuradali|['Rehman']|['rehmanmuradali0@gmail.com']|[]|[]
rekhajoshm|['Rekha Joshi']|[]|['rjoshi2']|['rekhajoshm@gmail.com']
relud|['Daniel Thorn']|['daniel@relud.com']|[]|[]
reuvenlax|[]|[]|['reuvenlax', 'Reuven Lax', 'relax']|['relax@google.com']
rezanachmad|['Rezan Achmad']|[]|['Rezan Achmad']|['rezanachmad@gmail.com']
rezarokni|['Reza Rokni']|[]|['rarokni', 'Reza Rokni']|['rezarokni@google.com', '7542791+rezarokni@users.noreply.github.com']
rfevang|['Rune Fevang']|[]|['Rune Fevang']|['fevang@exabel.com']
riazela|['Alireza SamadianZakaria']|['alireza4263@gmail.com']|['Alireza Samadian', 'Alireza SamadianZakaria']|['alireza4263@gmail.com']
ringw|['Dan Ringwalt']|[]|['Dan Ringwalt']|['ringwalt@google.com']
rlenferink|['Roy Lenferink']|['rlenferink@apache.org']|['Roy Lenferink']|['lenferinkroy@gmail.com']
rmannibucau|['Romain Manni-Bucau']|[]|['Romain Manni-Bucau', 'Romain manni-Bucau']|['rmannibucau@gmail.com', 'rmannibucau@apache.org']
rniemo-g|[]|[]|['Ryan Niemocienski']|['niemo@google.com']
robertwb|['Robert Bradshaw']|['robertwb@gmail.com']|['Robert Bradshaw', 'robertwb']|['robertwb@google.com', 'robertwb@gmail.com']
robinp|['Robin Palotai']|[]|[]|[]
robinyqiu|['Yueyang Qiu']|[]|['Yueyang Qiu', 'robinyqiu']|['robinyqiu@gmail.com']
rodrigob|['Rodrigo Benenson']|[]|['Rodrigo Benenson']|['rodrigo.benenson@gmail.com']
rohdesamuel|['Sam sam']|['rohde.samuel@cubez.io']|['Sam sam', 'Sam Rohde']|['rohde.samuel@gmail.com']
romanvanderkrogt|[]|[]|['Roman van der Krogt']|['roman@textiq.com']
rongou|['Rong Ou']|['rong.ou@gmail.com']|['Rong Ou']|['rong.ou@gmail.com']
rosetn|[]|[]|['rosetn', 'Rose Nguyen']|['40248483+rosetn@users.noreply.github.com', 'rtnguyen@google.com']
rryk|['Sergiy Belozorov']|[]|['Sergiy Byelozyorov']|['sergiyb@chromium.org']
rtshadow|['Przemysław Pastuszka']|[]|['Pastuszka Przemysław']|['pastuszka.przemyslaw@gmail.com']
ruoyu90|['Ruoyu Liu']|[]|['Ruoyu Liu', 'ruoyu90']|['ruoyu@google.com', '44377718+ruoyu90@users.noreply.github.com']
ryan-williams|['Ryan Williams']|['ryan@runsascoded.com']|['Ryan Williams']|['ryan.blake.williams@gmail.com']
ryanyuan|['Ryan Yuan']|['ryan.yuan@outlook.com']|['Ryan Yuan']|['ryan.yuan@outlook.com']
sabhyankar|['Sameer Abhyankar']|[]|['sabhyankar']|['abhyankar@gmail.com']
sadovnychyi|['Dmytro Sadovnychyi']|['github@dmit.ro']|['Dmytro Sadovnychyi']|['git@dmit.ro', 'dyriax@gmail.com']
salmanVD|['Salman Raza']|[]|['Salman Raza']|['50444219+salmanVD@users.noreply.github.com']
samaitra|['Saikat Maitra']|['saikat.maitra@gmail.com']|['Saikat Maitra']|['saikat.maitra@gmail.com']
sambvfx|['Sam Bourne']|[]|['sambvfx']|['sambvfx@gmail.com']
sammcveety|[]|[]|['Sam McVeety', 'sammcveety', 'sgmc']|['sgmc@google.com', 'sam.mcveety@gmail.com']
samschlegel|['Sam Schlegel']|[]|[]|[]
samwagg|['Sam Waggoner']|[]|['Sam Waggoner']|['samuel.waggoner@healthsparq.com']
sandboxws|['Ahmed El.Hussaini']|[]|['Ahmed El.Hussaini']|['aelhussaini@gmail.com']
sandihouse|['Haozhi Sun']|[]|['Author: 波特', '波特']|['haozhi.shz@alibaba-inc.com']
sarahwalters|['Sarah Walters']|[]|[]|[]
saulchavez93|['Saul Chavez']|[]|['Saul Chavez']|['romsc93@gmail.com']
sb2nov|['Sourabh Bajaj']|[]|['Sourabh Bajaj']|['sb2nov@gmail.com']
sberyozkin|[]|[]|['Sergey Beryozkin']|['sberyozkin@gmail.com']
sberyozkin:sberyozkin@talend.com|[]|[]|['sberyozkin']|['sberyozkin@talend.com']
sbilac|[]|[]|['Slaven Bilac', 'slaven']|['slaven@google.com']
sbl|['Stephen Lumenta']|[]|['Stephen Lumenta']|['stephen.lumenta@gmail.com']
sborya|['Boris Shkolnik']|[]|[]|[]
schroederc|['Cody Schroeder']|[]|['Cody Schroeder']|['schroederc@google.com']
script3r|['Isaac Elbaz']|['script3r@gmail.com']|[]|[]
scwhittle|[]|[]|['scwhittle', 'Sam Whittle', 'samuelw']|['scwhittle@users.noreply.github.com', 'samuelw@google.com']
sdcubber|[]|[]|[]|[]
sderosiaux|['Stéphane Derosiaux']|[]|[]|[]
sdotz|['Stephen Dotz']|[]|[]|[]
sduskis|['Solomon Duskis']|['sduskis@google.com']|['Solomon Duskis']|['sduskis@google.com']
seanhagen|['Sean Hagen']|['sean.hagen@gmail.com']|[]|[]
seano314|"[""Sean O'Keefe""]"|[]|"[""Sean O'Keefe""]"|['seano314@users.noreply.github.com']
sekikn|['Kengo Seki']|['sekikn@apache.org']|['Kengo Seki']|['sekikn@apache.org']
serebrserg|['Sergey Serebryanik']|[]|[]|[]
sergioisidoro|['Sérgio']|['smaisidoro@gmail.com']|[]|[]
seshadri-cr|['Seshadri']|['sraghunathan@etouch.net']|['Seshadri Chakkravarthy']|['sesh.cr@gmail.com']
sgrj|[]|[]|['Sebastian Jambor']|['seb.jambor@gmail.com']
sh286|['Lucas Amorim']|['lucas@lucasamorim.ca']|['Lucas Amorim']|['lucasamorim@protonmail.com']
shaohuifangit|['shaohuifan']|['shaohuifanmail@gmail.com']|[]|[]
shashank64|['Shashank Prabhakara']|['shashank@infoworks.io']|['Shashank Prabhakara']|['shashank@infoworks.io']
shehzaadn-vd|[]|[]|[]|[]
sheshananda|['Sheshananda']|[]|[]|[]
shlee0605|['Seunghyun Lee']|['shlee0605@gmail.com']|['Seunghyun Lee']|['shlee0605@gmail.com']
shoyer|['Stephan Hoyer']|['shoyer@gmail.com']|['Stephan Hoyer']|['shoyer@google.com']
shusso|['Samuel Husso']|['shusso@iki.fi']|['Samuel Husso']|['shusso@iki.fi']
sidebotham:sidebotham@google.com|[]|[]|['sidebotham']|['sidebotham@google.com']
silviulica|['Silviu Calinoiu']|['silviuc@google.com']|['Silviu Calinoiu', 'silviuc']|['silviuc@google.com']
sini|['Jason Bowman']|['sinistar@gmail.com']|[]|[]
sisidra|['Mārtiņš Kalvāns']|[]|['Mārtiņš Kalvāns']|['martins.kalvans@gmail.com']
sivu|['Mikko Sivulainen']|[]|[]|[]
sjungwirth|['Scott Jungwirth']|[]|[]|[]
slavachernyak|[]|[]|['slavachernyak', 'chernyak']|['chernyak@google.com']
slykar|['Sylwester Kardziejonek']|['sylwester.kardziejonek@gmail.com']|['Sylwester Kardziejonek']|['sylwester.kardziejonek@gmail.com']
smarthi|['Suneel Marthi']|['smarthi@apache.org']|['smarthi']|['smarthi@apache.org']
snallapa|['Sahith Nallapareddy']|[]|['Sahith Nallapareddy']|['sahith.reddy@gmail.com']
snehashah16|[]|[]|[]|[]
sneurlax|['sneurlax']|['sneurlax@gmail.com']|[]|[]
songb18|[]|[]|['Ben Song']|['songb@google.com']
sorensenjs|['Jeffrey Sorensen']|[]|['Jeffrey Sorensen']|['sorensenjs@users.noreply.github.com']
soyrice|['Cyrus Maden']|[]|['Cyrus Maden']|['cmaden@google.com']
splovyt|['Simon Plovyt']|[]|['Simon Plovyt', 'splovyt', 'Simon P']|['40612002+splovyt@users.noreply.github.com', 'plovytsimon@gmail.com']
srfrnk|['Srfrnk']|['srfrnk@gmail.com']|['srfrnk']|['srfrnk@gmail.com']
sridharinuog|['Sridhar']|[]|[]|[]
srowen|['Sean Owen']|['srowen@gmail.com']|['Sean Owen']|['sowen@cloudera.com', 'srowen@gmail.com']
ssisk|['Stephen Sisk']|[]|['Stephen Sisk', 'sisk']|['sisk@google.com', 'ssisk@users.noreply.github.com']
stankiewicz|['Radosław Stankiewicz']|['rrydziu@gmail.com']|['Radoslaw Stankiewicz']|['radoslaws@google.com']
staslev|['Stas Levin']|[]|['Stas Levin', 'staslev']|['staslevin@apache.org', 'staslevin@gmail.com', 'staslev@users.noreply.github.com']
stefanobaghino|['Stefano Baghino']|[]|['Stefano Baghino']|['stefano@baghino.me']
stefanondisponibile|['Stefano']|[]|['Stefano']|['frassetto.stefano@gmail.com']
stephydx|[]|[]|['Daxuan Yang']|['dxyang@google.com']
stevekoonce|['Steve Koonce']|[]|['Steve Koonce']|['skoonce@google.com']
steveloughran|['Steve Loughran']|[]|[]|[]
steveniemitz|['Steven Niemitz']|['steveniemitz@gmail.com']|['steve']|['sniemitz@twitter.com']
stevewheeler|['Steve Wheeler']|[]|['stevewheeler']|['stevewheeler@google.com']
sudhan499|[]|[]|['sudhan499']|['sudhan499@gmail.com']
sumitchawla|['Sumit Chawla']|[]|[]|[]
sungjunyoung|['Junyoung, Sung']|['junyoung.sung@navercorp.com']|['sungjunyoung', '성준영']|['wnsdud1861@gmail.com']
sunjincheng121|['Jincheng Sun']|['sunjincheng121@gmail.com']|['sunjincheng121', 'Jincheng Sun']|['sunjincheng121@gmail.com']
superbobry|['Sergei Lebedev']|[]|['Sergei Lebedev']|['s.lebedev@criteo.com']
supercclank|['Cory']|[]|['Cory', 'Cory Brzycki']|['supercclank@gmail.com', 'supercclank@google.com']
surpass|['FrankLee']|['surpass.li@gmail.com']|[]|[]
suztomo|['Tomo Suzuki']|[]|['Tomo Suzuki']|['suztomo@google.com', 'suztomo@gmail.com']
svXaverius|[]|[]|['svXaverius']|['kirschner.m@seznam.cz']
swegner|['Scott Wegner']|['scott@apache.org']|['Scott Wegner', 'swegner']|['scott@apache.org', 'swegner@google.com', 'swegner2@gmail.com', 'swegner@outlook.com']
szewi|['Kamil Szewczyk']|[]|['Kamil Szewczyk']|['szewinho@gmail.com']
t-novak|[]|[]|['Tomas Novak']|['tomas.novak@firma.seznam.cz']
tajima:tajima@tajima-taso.jp|[]|[]|['tajima']|['tajima@tajima-taso.jp']
takidau|['Tyler Akidau']|[]|['Tyler Akidau', 'takidau']|['takidau@apache.org', 'takidau@google.com']
tamanobi|['Kohki YAMAGIWA']|['tamanobi@gmail.com']|['Kohki YAMAGIWA']|['tamanobi@gmail.com']
tamera-lanham|[]|[]|[]|[]
taromurao|['Taro Murao']|['taro.murao@gmail.com']|['Taro Murao']|['taro.murao@gmail.com']
tchiarato|['Thiago Chiarato']|[]|['tchiarato']|['chiarato@gmail.com']
tedyu|['Ted Yu']|['yuzhihong@gmail.com']|['tedyu']|['yuzhihong@gmail.com']
temirov|['Vadym Tyemirov']|[]|[]|[]
tenghuanhe|['Tenghuan He']|['tenghuanhe@gmail.com']|[]|[]
tengpeng|['Teng Peng']|['josephtengpeng@gmail.com']|['Teng Peng']|['josephtengpeng@gmail.com']
terekete|['gatesma']|[]|[]|[]
terrencehan|[]|['isterrence@gmail.com']|['terrencehan(韩亮)']|['terrencehan@tencent.com']
terrytangyuan|['Yuan Tang']|['terrytangyuan@gmail.com']|['Yuan (Terry) Tang']|['terrytangyuan@gmail.com']
tgroh|['Thomas Groh']|[]|['Thomas Groh', 'tgroh']|['tgroh@google.com', 'tgroh@users.noreply.github.com']
the-dagger|['Harshit Dwivedi']|['harshithdwivedi@gmail.com']|[]|[]
the1plummie|[]|[]|['the1plummie']|['the1plummie@gmail.com']
theodoresiu|[]|[]|[]|[]
thinhha|['Thinh Ha']|[]|['Thinh Ha']|['thinh.t.ha@gmail.com']
tibkiss|['Tibor Kiss']|['tibor.kiss@gmail.com']|['Tibor Kiss']|['tibor.kiss@gmail.com']
tim1357|[]|[]|['tim1357']|['sears.tim@gmail.com']
timeisenhuth|['Tim Eisenhuth']|[]|[]|[]
timrobertson100|['Tim Robertson']|['timrobertson100@gmail.com']|['Tim Robertson', 'timrobertson100']|['timrobertson100@gmail.com', 'timrobertson100@gmial.com']
tims|['Tim Sell']|[]|[]|[]
tkakantousis|['Theofilos Kakantousis']|[]|[]|[]
tkaymak|['Tobias Kaymak']|[]|[]|[]
toelen|['Leen Toelen']|[]|['Leen Toelen']|['toelen@gmail.com']
tom-haines|['Tom Haines']|[]|['Tom Haines']|['thomas.haines@practiceinsight.io']
tomerr90|[]|[]|[]|[]
tomerz90|[]|[]|['Tomer Zeltzer']|['tomer@ubimo.com']
tomwhite|['Tom White']|['tom.e.white@gmail.com']|['Tom White']|['tom@cloudera.com']
torhaa|['Tormod Haavi']|['tha@capraconsulting.no']|['torhaa']|['tha@capraconsulting.no']
ttanay|['Tanay Tummalapalli']|[]|['ttanay', 'Tanay Tummalapalli']|['ttanay100@gmail.com']
tucosh|[]|[]|['hdeist']|['hdeist@google.com']
tudorm|[]|[]|['Tudor Marian']|['tudor.marian@gmail.com']
tudorm:tudorm@google.com|[]|[]|['tudorm']|['tudorm@google.com']
tvalentyn|[]|[]|['tvalentyn', 'Valentyn Tymofieiev']|['tvalentyn@users.noreply.github.com', 'valentyn@google.com']
tweise|['Thomas Weise']|[]|['Thomas Weise']|['tweise@users.noreply.github.com', 'thw@apache.org', 'tweise@lyft.com']
tysonjh|['Tyson Hamilton']|['tysonjh@gmail.com']|['tysonjh']|['tysonjh@gmail.com']
ubunatic|['Uwe Jugel']|[]|['Uwe Jugel']|['uwe.jugel@lovoo.com']
udim|['Udi Meiri']|[]|['Udi Meiri', 'Udi Meiri (Ehud)']|['udim@users.noreply.github.com', 'ehudm@google.com']
unknown:冯飞|[]|[]|['unknown']|['冯飞']
unsleepy22|['Cody']|[]|[]|[]
urisilber|[]|[]|[]|[]
urisilberstein|['Uri Silberstein']|['uri.silberstein@gmail.com']|['Uri Silberstein']|['uri.silberstein@gmail.com']
uschen|['Chen Liang']|[]|[]|[]
vagofrank|[]|[]|[]|[]
vanekjar|['Jaromir Vanek']|[]|['Jaromir Vanek']|['vanek.jaromir@gmail.com']
varundhussa|['Varun Dhussa']|[]|['Varun Dhussa']|['varundhussa@google.com']
vascokk|"['Vassil ""Vasco"" Kolarov']"|['vasco@vas.io']|[]|[]
vectorijk|['Kai Jiang']|['jiangkai@gmail.com']|['Kai Jiang']|['jiangkai@gmail.com', 'jkai@uber.com']
venbijjam|['Geetha Bijjam']|[]|[]|[]
vesense|['Xin Wang']|['xinwang@apache.org']|['Xin Wang']|['xinwang@apache.org']
vglocus|['Viktor Gerdin']|[]|['Viktor Gerdin']|['viktorg@spotify.com']
vgough:vgough@google.com|[]|[]|['vgough']|['vgough@google.com']
vikkyrk|['Vikas Kedigehalli']|[]|['Vikas Kedigehalli']|['vikasrk@google.com']
viliam-durina|['Viliam Durina']|[]|[]|[]
violalyu|['Wanqi Lyu']|['lvwanqi11@gmail.com']|['Viola Lyu']|['lvwanqi11@gmail.com']
vitaliytv|['Vitalii Tverdokhlib']|['vitaliytv@nitralabs.com']|['vitaliytv', 'Vitalii Tverdokhlib']|['vitaliytv@nitralabs.com']
vkedia|['Vikas Kedia']|[]|[]|[]
vladisav|[]|[]|['Vladisav Jelisavcic']|['vj@apache.org']
vladum|[]|[]|['vladum']|['vladum@google.com']
vmarquez|['Vincent Marquez']|[]|[]|[]
vrozov|['Vlad Rozov']|[]|[]|[]
vvarma|[]|[]|['vvarma']|['vin1990@gmail.com', 'vinay.varma@thecarousell.com']
wardva|['Ward Van Assche']|[]|['Ward Van Assche']|['ward@piesync.com']
wcn3|['Bill Neubauer']|['wcn@google.com']|['Bill Neubauer']|['wcn@google.com']
wenbin9|[]|[]|[]|[]
wikier|['Sergio Fernández']|['sergio@wikier.org']|['Sergio Fernández']|['sergio@wikier.org']
wintermelons|['David Song']|[]|['David Song']|['david.song0802@gmail.com']
wonjun27|['Won Jun Bae']|[]|[]|[]
wonook|['Won Wook SONG']|['wonook@apache.org']|['Won Wook SONG']|['wonook@apache.org']
wscheep|['Wout Scheepers']|[]|['Wout Scheepers']|['Wout.Scheepers@vente-exclusive.com']
wslulciuc|['Willy Lulciuc']|[]|[]|[]
wslulciuc:willy@bounceexchange.com|[]|[]|['wslulciuc']|['willy@bounceexchange.com']
wtanaka|['Wesley Tanaka']|[]|['wtanaka.com', 'Wesley Tanaka']|['wtanaka@users.noreply.github.com', 'wtanaka@yahoo.com']
x|['Devon Peticolas']|['devon.peticolas@gmail.com']|[]|[]
xhumanoid|['Alexey']|[]|['Alexey Diomin']|['diominay@gmail.com']
xiliu:xiliu@xiliu-ld1.linkedin.biz|[]|[]|['xiliu']|['xiliu@xiliu-ld1.linkedin.biz']
xinyuiscool|[]|[]|['xinyuiscool', 'Xinyu Liu', 'xiliu']|['xinyuliu.us@gmail.com', 'xiliu@linkedin.com']
xitep|[]|[]|['xitep']|['xitep@users.noreply.github.com']
xsm110|['zhanghaitao']|[]|[]|[]
xubii|['Zohaib']|[]|['xubii', 'Zohaib']|['mzobii.baig@gmail.com']
xumingming|['James Xu']|['xumingmingv@gmail.com']|['James Xu']|['xumingmingv@gmail.com']
xzli:xzli@google.com|[]|[]|['xzli']|['xzli@google.com']
y1chi|['Yichi Zhang']|[]|['Yichi Zhang']|['zyichi@google.com']
yangping.wu:yangping.wu@qunar.com|[]|[]|['yangping.wu']|['yangping.wu@qunar.com']
yanlin-Lynn|['Wang Yanlin']|['1989yanlinwang@163.com']|['yanzhi']|['yanzhi.wyl@antfin.com']
yew1eb|['Zhou Hai']|['yew1eb@gmail.com']|['zhouhai02']|['zhouhai02@meituan.com']
yifanmai|['Yifan Mai']|['yifanmai@google.com']|['Yifan Mai']|['yifanmai@google.com', 'myffical@gmail.com']
yifanzou|['yifanzou']|[]|['yifanzou', 'Yifan Zou']|['35050780+yifanzou@users.noreply.github.com', 'yifanzou@google.com']
yifanzou:yifanzou@yifanzou-macbookpro.roam.corp.google.com|[]|[]|['yifanzou']|['yifanzou@yifanzou-macbookpro.roam.corp.google.com']
yirutang|[]|[]|['yirutang']|['yiru@google.com']
yk5|['Younghee Kwon']|[]|['Younghee Kwon']|['younghee.kwon@gmail.com']
ylil93|[]|[]|['Lily Li']|['pekopeko@google.com']
yonromai|['Romain Yon']|[]|['Romain Yon']|['yonromai@users.noreply.github.com']
youngoli|['Daniel Oliveira']|['daniel.o.programmer@gmail.com']|['Daniel Oliveira']|['daniel.o.programmer@gmail.com', 'danoliveira@google.com', 'younghoono@gmail.com']
yssharma|['Yash']|[]|[]|[]
yuchaoran2011|['Chaoran Yu']|['yuchaoran2011@gmail.com']|[]|[]
yuppie-flu|['Kirill Kozlov']|[]|['Kirill Kozlov']|['kozlov.k.e@gmail.com']
yuya-tajima|['Yuya Tajima']|[]|[]|[]
zachbadgett|['Zach Badgett']|['zach.badgett@gmail.com']|[]|[]
zachmoshe|['Zach Moshe']|['zachmoshe@gmail.com']|[]|[]
zangshayang1|[]|[]|[]|[]
zborisha|[]|[]|[]|[]
zfraa|['Andrea Francke']|[]|[]|[]
zhanyongwan|['Zhanyong Wan']|[]|['wan']|['wan@google.com']
zhitaoli|['Zhitao']|[]|[]|[]
zhong:zhongchen@google.com|[]|[]|['zhong']|['zhongchen@google.com']
zhongchen|['Zhong Chen']|['zchen87@gmail.com']|[]|[]
zhuoyao:zhuoyao@google.com|[]|[]|['zhuoyao']|['zhuoyao@google.com']
ziel|['ziel']|[]|['ziel']|['gh@hiddencube.com']
zkauker|[]|[]|[]|[]
znewman01|['Zack Newman']|['znewman01@gmail.com']|[]|[]
zongweiz|[]|[]|['Zongwei Zhou']|['zongweiz@google.com']
zorro786|['Abdul Qadeer']|[]|[]|[]
zouabimourad|['Mourad ZOUABI']|[]|[]|[]
zoyahav|['Zohar Yahav']|[]|[]|[]
zznate|['Nate McCall']|['zznate.m@gmail.com']|[]|[]
